{
  "_exponential_.*Mean$": {
    "acc": 0.9166666666666667,
    "accAdj": 0.8333333333333335,
    "auc": 0.9166666666666667,
    "brier": 0.12236014997823634,
    "f1": 0.9090909090909091,
    "log": 0.3392027270252619,
    "threshold": 0.9015291022228521
  },
  "_exponential_.*Mean$;_wavelet-HLH_.*10Percentile$": {
    "acc": 0.9166666666666667,
    "accAdj": 0.8333333333333335,
    "auc": 0.9166666666666667,
    "brier": 0.15522094543382575,
    "f1": 0.9090909090909091,
    "log": 0.41225425429507634,
    "threshold": 0.8183690689533665
  },
  "_exponential_.*Mean$;_wavelet-HLH_.*10Percentile$;_wavelet-LLL_.*Minimum$": {
    "acc": 0.9166666666666667,
    "accAdj": 0.8333333333333335,
    "auc": 0.9166666666666667,
    "brier": 0.12768096638460188,
    "f1": 0.9090909090909091,
    "log": 0.34238394130037386,
    "threshold": 0.9001908541442731
  },
  "_exponential_.*Mean$;_wavelet-LLL_.*Minimum$": {
    "acc": 0.9166666666666667,
    "accAdj": 0.8333333333333335,
    "auc": 0.9166666666666667,
    "brier": 0.11649237657934727,
    "f1": 0.9090909090909091,
    "log": 0.31921243555193884,
    "threshold": 0.9327500520465628
  },
  "_exponential_.*Median$": {
    "acc": 0.875,
    "accAdj": 0.75,
    "auc": 0.9583333333333334,
    "brier": 0.09541794628960795,
    "f1": 0.923076923076923,
    "log": 0.26696884954025857,
    "threshold": 0.5465091554691041
  },
  "_exponential_.*Median$;_exponential_.*Mean$": {
    "acc": 0.875,
    "accAdj": 0.75,
    "auc": 0.9583333333333334,
    "brier": 0.1046799561214368,
    "f1": 0.923076923076923,
    "log": 0.2859102262702369,
    "threshold": 0.5259738897039367
  },
  "_exponential_.*Median$;_exponential_.*Mean$;_wavelet-HLH_.*10Percentile$": {
    "acc": 0.9166666666666667,
    "accAdj": 0.8333333333333335,
    "auc": 0.9166666666666667,
    "brier": 0.13955264094860015,
    "f1": 0.9090909090909091,
    "log": 0.3711819892187699,
    "threshold": 0.810147366259668
  },
  "_exponential_.*Median$;_exponential_.*Mean$;_wavelet-HLH_.*10Percentile$;_wavelet-LLL_.*Minimum$": {
    "acc": 0.9166666666666667,
    "accAdj": 0.8333333333333335,
    "auc": 0.9166666666666667,
    "brier": 0.12617007739606423,
    "f1": 0.9090909090909091,
    "log": 0.33747273495565344,
    "threshold": 0.8904456573933922
  },
  "_exponential_.*Median$;_exponential_.*Mean$;_wavelet-LLL_.*Minimum$": {
    "acc": 0.9166666666666667,
    "accAdj": 0.8333333333333335,
    "auc": 0.9166666666666667,
    "brier": 0.10906690068477545,
    "f1": 0.9090909090909091,
    "log": 0.297813752679294,
    "threshold": 0.9291584820802817
  },
  "_exponential_.*Median$;_wavelet-HLH_.*10Percentile$": {
    "acc": 0.9166666666666667,
    "accAdj": 0.8333333333333335,
    "auc": 0.9166666666666667,
    "brier": 0.133071569270356,
    "f1": 0.9090909090909091,
    "log": 0.3533423512433261,
    "threshold": 0.746885315874844
  },
  "_exponential_.*Median$;_wavelet-HLH_.*10Percentile$;_wavelet-LLL_.*Minimum$": {
    "acc": 0.9166666666666667,
    "accAdj": 0.8333333333333335,
    "auc": 0.9166666666666667,
    "brier": 0.11737517106264943,
    "f1": 0.9090909090909091,
    "log": 0.31739819137873687,
    "threshold": 0.8702734326881227
  },
  "_exponential_.*Median$;_wavelet-LLL_.*Minimum$": {
    "acc": 0.9166666666666667,
    "accAdj": 0.8333333333333335,
    "auc": 0.9166666666666667,
    "brier": 0.10129782592068688,
    "f1": 0.9090909090909091,
    "log": 0.2795787258117649,
    "threshold": 0.9040547368300457
  },
  "_wavelet-HLH_.*10Percentile$": {
    "acc": 0.9166666666666667,
    "accAdj": 0.8333333333333335,
    "auc": 0.9166666666666667,
    "brier": 0.1229518259342777,
    "f1": 0.9090909090909091,
    "log": 0.35045598911804426,
    "threshold": 0.8140445311466361
  },
  "_wavelet-HLH_.*10Percentile$;_wavelet-LLL_.*Minimum$": {
    "acc": 0.9166666666666667,
    "accAdj": 0.8333333333333335,
    "auc": 0.9166666666666667,
    "brier": 0.12175245684601661,
    "f1": 0.9090909090909091,
    "log": 0.33746463332514365,
    "threshold": 0.8933641684124061
  },
  "_wavelet-LLL_.*Minimum$": {
    "acc": 0.875,
    "accAdj": 0.75,
    "auc": 0.9583333333333334,
    "brier": 0.12007888765510362,
    "f1": 0.923076923076923,
    "log": 0.344580395117049,
    "threshold": 0.33220685579251447
  }
}