{
  "CFR": {
    "acc": 0.7142857142857143,
    "accAdj": 0.4285714285714286,
    "auc": 0.5324675324675325,
    "brier": 0.3717376601608774,
    "f1": 0.846153846153846,
    "log": 6.310024077265947,
    "prob_decision": [
      1.0,
      0.9954005384460887,
      0.7757296327608377,
      1.0,
      1.0,
      0.9991112537858304,
      0.03260625084293719,
      0.12069835730787642,
      0.9999321001363884,
      0.9999999999651266,
      0.0003608999142141937,
      0.03500681513049344,
      0.973094953494388,
      0.9999998778214024,
      0.0011073030855039353,
      1.0,
      0.9999999243475088,
      4.381085817855894e-05
    ],
    "threshold": 0.03260625084293719
  },
  "CIFE": {
    "acc": 0.5,
    "accAdj": 0.0,
    "auc": 0.44155844155844154,
    "brier": 0.4232185051487958,
    "f1": 0.7586206896551725,
    "log": 7.711337478264222,
    "prob_decision": [
      0.9999999979764596,
      0.24815633445587648,
      0.9999999999999929,
      1.0,
      0.9999999999999787,
      0.99959210553464,
      0.9929102679275101,
      0.012875191806560079,
      0.9999998251719024,
      1.0,
      1.0,
      0.41131842204424957,
      0.9999881507744642,
      0.9999999999136868,
      0.01598942527682993,
      1.0,
      0.9107298996606369,
      0.9497198353098748
    ],
    "threshold": 0.012875191806560079
  },
  "CMIM": {
    "acc": 0.6428571428571428,
    "accAdj": 0.2857142857142856,
    "auc": 0.5909090909090909,
    "brier": 0.4372157039056759,
    "f1": 0.8148148148148148,
    "log": 8.0082622740437,
    "prob_decision": [
      0.005870696791562481,
      0.9999999999956479,
      0.9976747792814804,
      1.0,
      0.9999998959959325,
      2.4069622753658656e-10,
      9.40965742269332e-06,
      1.0,
      0.8754416067560151,
      0.9999999999999982,
      0.9999999999998526,
      0.06953184912959481,
      1.0,
      0.017817087447182398,
      0.0,
      0.9999999990761914,
      6.470676961288995e-26,
      1.0
    ],
    "threshold": 2.4069622753658656e-10
  },
  "DCSF": {
    "acc": 0.5,
    "accAdj": 0.0,
    "auc": 0.15584415584415587,
    "brier": 0.6921679258646246,
    "f1": 0.7586206896551725,
    "log": 11.763301957491535,
    "prob_decision": [
      3.9327511376481225e-06,
      2.410880261770695e-07,
      1.0,
      0.999797305588308,
      1.0,
      0.32146760366623384,
      0.004546607442326964,
      0.6489599804479081,
      0.42264210726019075,
      0.0015196674645420226,
      0.056327980549013223,
      0.16971836079200833,
      2.115941180517674e-06,
      0.9996752117305863,
      1.0,
      1.0,
      0.9285883681946719,
      1.0
    ],
    "threshold": 2.410880261770695e-07
  },
  "ICAP": {
    "acc": 0.5,
    "accAdj": 0.0,
    "auc": 0.45454545454545453,
    "brier": 0.42133910609647834,
    "f1": 0.7586206896551725,
    "log": 6.949263379251978,
    "prob_decision": [
      0.9999999998502496,
      0.006171485247650145,
      0.9999999999999929,
      1.0,
      0.9999999485002404,
      0.21660487802697403,
      0.9999231612959105,
      0.00031671974533901287,
      0.9999998251719024,
      0.9999999990659312,
      1.0,
      0.008872797665419395,
      0.9999779615016229,
      0.9999999477817823,
      0.005655173866622779,
      1.0,
      0.020221469455006122,
      0.023672686158936203
    ],
    "threshold": 0.00031671974533901287
  },
  "IWFS": {
    "acc": 0.5714285714285714,
    "accAdj": 0.1428571428571428,
    "auc": 0.31168831168831174,
    "brier": 0.5209500248104532,
    "f1": 0.7857142857142858,
    "log": 11.924804650580585,
    "prob_decision": [
      0.005870696791562481,
      0.9999999996613163,
      0.9976747792814804,
      0.9999999931560559,
      0.9999998959959325,
      2.4069622753658656e-10,
      6.5520637991259165e-06,
      9.032989874478299e-15,
      0.4317570730354323,
      0.8260319475930807,
      0.9999999999998579,
      0.8117218638805724,
      1.0,
      0.9999999999652562,
      0.014202719420180346,
      1.0,
      6.470676961288995e-26,
      1.0
    ],
    "threshold": 9.032989874478299e-15
  },
  "JMI": {
    "acc": 0.5,
    "accAdj": 0.0,
    "auc": 0.24675324675324675,
    "brier": 0.45354976868420543,
    "f1": 0.7586206896551725,
    "log": 10.564188708726213,
    "prob_decision": [
      0.46688367518958224,
      0.04593046526595709,
      0.9999999703013462,
      0.9999887341886347,
      0.999999999999762,
      0.9829477002768018,
      0.8677390567010488,
      0.9999863132544149,
      3.660007353851979e-05,
      1.0,
      1.0,
      0.9783827458091654,
      0.5831992628009628,
      1.0,
      0.8817776232240406,
      1.0,
      1.0,
      0.0012910643709334283
    ],
    "threshold": 3.660007353851979e-05
  },
  "MIFS": "Error",
  "MIM": {
    "acc": 0.5714285714285714,
    "accAdj": 0.1428571428571428,
    "auc": 0.33766233766233766,
    "brier": 0.6162820925820625,
    "f1": 0.7857142857142858,
    "log": 12.72331043153581,
    "prob_decision": [
      0.005870696791562481,
      0.9999999996613163,
      0.9976747792814804,
      1.0,
      0.9999998959959325,
      2.4069622753658656e-10,
      6.5520637991259165e-06,
      1.4481430499977303e-23,
      0.4317570730354323,
      8.885282537655758e-05,
      0.9999999999998579,
      0.11576674034519556,
      1.0,
      0.9999999999472458,
      0.014202719420180346,
      1.0,
      6.470676961288995e-26,
      1.0
    ],
    "threshold": 1.4481430499977303e-23
  },
  "MRI": {
    "acc": 0.7142857142857143,
    "accAdj": 0.4285714285714286,
    "auc": 0.4740259740259741,
    "brier": 0.2817815829910844,
    "f1": 0.846153846153846,
    "log": 7.147804799382312,
    "prob_decision": [
      0.9999994163794133,
      0.2062185697034742,
      0.42773062696613073,
      1.0,
      1.0,
      0.7346123327450766,
      0.9999999999524221,
      0.9436914093611453,
      0.9999852566776603,
      0.999998849539579,
      1.0,
      0.8384456451548734,
      0.9999992889401709,
      0.9999999726443679,
      0.12061976867049876,
      1.0,
      0.015392591334571137,
      0.00046107785089412025
    ],
    "threshold": 0.2062185697034742
  },
  "MRMR": {
    "acc": 0.5974025974025974,
    "accAdj": 0.19480519480519476,
    "auc": 0.2597402597402597,
    "brier": 0.4528743028920919,
    "f1": 0.7692307692307692,
    "log": 12.96891777017498,
    "prob_decision": [
      0.9999999011702889,
      6.886280686963451e-12,
      0.999999535892248,
      0.9999998369267216,
      1.0,
      2.21657924084831e-06,
      0.8824051243177289,
      1.054349286607493e-06,
      0.733452224358424,
      0.999358399841844,
      1.5975927148403526e-07,
      0.9962772389410169,
      0.741439655331074,
      1.0,
      1.0,
      1.0,
      1.0735800910730993e-10,
      1.0
    ],
    "threshold": 1.054349286607493e-06
  }
}