{
  "acc": 0.5,
  "accAdj": 0.0,
  "auc": 0.33766233766233766,
  "brier": 0.5679465494275945,
  "f1": 0.7586206896551725,
  "log": 3.120864304262651,
  "prob_decision": [
    0.9870531809834272,
    0.07071339821890818,
    0.3283097629891911,
    0.9933978179664078,
    0.9897258232392792,
    0.07107573061403928,
    0.9999665266706006,
    0.9747074973904458,
    0.007753665469628342,
    5.537766284665708e-08,
    0.9993357559680248,
    0.9977984656607266,
    0.07786266936847898,
    0.8438325302570886,
    0.8505894645599974,
    0.9995289408402563,
    0.10315723806633095,
    0.886660066203829
  ],
  "threshold": 5.537766284665708e-08
}