{
  "CFR": {
    "acc": 0.5,
    "accAdj": 0.0,
    "auc": 0.0,
    "f1": 0.7586206896551725,
    "prob_decision": [
      7.071396576905747e-07,
      1.8253141954493794e-06,
      5.8520706717676315e-06,
      4.196067251361332e-06,
      0.9999913263060419,
      2.9756589551494243e-06,
      2.5497686702261313e-06,
      3.224460513736768e-06,
      -1.3671453795748715e-06,
      2.802043203437193e-06,
      0.999990091332708,
      -1.1737188269954685e-06,
      -1.5987667698013451e-06,
      0.9999895334696965,
      0.9999899974331097,
      0.9999946436727916,
      0.9999873051953126,
      0.9999918162983785
    ],
    "threshold": -1.5987667698013451e-06
  },
  "CIFE": {
    "acc": 0.5,
    "accAdj": 0.0,
    "auc": 0.0,
    "f1": 0.7586206896551725,
    "prob_decision": [
      -1.0903694079490177e-07,
      3.454732886998553e-06,
      3.476057168155052e-06,
      4.298867225108901e-06,
      0.9999916220931139,
      1.7323112111652619e-06,
      -3.7546474249187246e-06,
      2.2388524901452154e-06,
      -3.995428911033088e-07,
      4.857235245219505e-06,
      0.9999945869559607,
      -2.505694516768016e-07,
      1.3312377332401394e-06,
      0.999988410059583,
      0.9999899974331097,
      0.9999946215197119,
      0.9999875387112689,
      0.9999927879995233
    ],
    "threshold": -3.7546474249187246e-06
  },
  "CMIM": {
    "acc": 0.5,
    "accAdj": 0.0,
    "auc": 0.0,
    "f1": 0.7586206896551725,
    "prob_decision": [
      1.075121504852475e-06,
      4.111468441155669e-06,
      6.654558561054948e-06,
      1.3938006541701077e-06,
      0.9999920681482706,
      -1.7935561359561273e-06,
      -2.030849148141758e-06,
      5.551359876637855e-06,
      7.409067406047619e-07,
      4.655380681422002e-06,
      0.9999961897331383,
      -1.4457758759333495e-06,
      3.976715240757785e-06,
      0.9999935834273397,
      0.9999911630927201,
      0.9999950413859751,
      0.9999939017417672,
      0.9999948776292991
    ],
    "threshold": -2.030849148141758e-06
  },
  "DCSF": {
    "acc": 0.5,
    "accAdj": 0.0,
    "auc": 0.0,
    "f1": 0.7586206896551725,
    "prob_decision": [
      9.2754087474483e-07,
      2.594548141080007e-06,
      3.7526645100618545e-06,
      6.4794634855484114e-06,
      0.9999924027689427,
      1.3169910454835977e-06,
      -7.946716095087424e-08,
      4.159514829307726e-06,
      -4.252176987711765e-06,
      2.467225465615614e-06,
      0.9999880588290136,
      2.590956259696959e-06,
      4.3794264520012755e-07,
      0.9999925150479212,
      0.9999917676021467,
      0.9999937296058822,
      0.9999899009823425,
      0.9999982924069789
    ],
    "threshold": -4.252176987711765e-06
  },
  "ICAP": {
    "acc": 0.5,
    "accAdj": 0.0,
    "auc": 0.0,
    "f1": 0.7586206896551725,
    "prob_decision": [
      -1.1437014881734586e-07,
      3.4595033095100067e-06,
      3.4762183459743075e-06,
      4.2661879783154335e-06,
      0.9999916220931139,
      1.4896439127461104e-06,
      -2.7507484262728038e-06,
      2.2388524901452154e-06,
      -4.394543537470857e-07,
      5.410832296503858e-06,
      0.9999945869559607,
      -2.505694516768016e-07,
      1.33468673603316e-06,
      0.9999882664713546,
      0.9999899974331097,
      0.9999942733032468,
      0.9999874779389452,
      0.999992779967823
    ],
    "threshold": -2.7507484262728038e-06
  },
  "IWFS": {
    "acc": 0.5,
    "accAdj": 0.0,
    "auc": 0.0,
    "f1": 0.7586206896551725,
    "prob_decision": [
      1.075121504852475e-06,
      3.6377278639578167e-06,
      6.435880061545394e-06,
      5.290090630137865e-07,
      0.9999920681482706,
      -1.7935561359561273e-06,
      -7.62747233047948e-07,
      3.457078471576122e-06,
      5.434273974563026e-07,
      2.2633690991381177e-06,
      0.9999954236523364,
      -9.066843574520454e-08,
      3.242756951196202e-06,
      0.9999912339026169,
      0.9999902938961583,
      0.9999971432300748,
      0.9999939017417672,
      0.999995519604193
    ],
    "threshold": -1.7935561359561273e-06
  },
  "JMI": {
    "acc": 0.5,
    "accAdj": 0.0,
    "auc": 0.0,
    "f1": 0.7586206896551725,
    "prob_decision": [
      -2.295679581468615e-06,
      -6.714922878256122e-07,
      3.7641587748341776e-06,
      3.170296961243762e-06,
      0.999991931735451,
      -1.1481450463166796e-06,
      2.788182454789782e-06,
      3.9669773364285e-06,
      3.917026462583358e-08,
      1.5075328560585377e-06,
      0.9999940646159176,
      1.9932465064307524e-07,
      1.4796381241644013e-06,
      0.9999952712331335,
      0.999991034823042,
      0.9999994314367635,
      0.9999884476456208,
      0.999991742773274
    ],
    "threshold": -2.295679581468615e-06
  },
  "MIFS": "Error",
  "MIM": {
    "acc": 0.5,
    "accAdj": 0.0,
    "auc": 0.0,
    "f1": 0.7586206896551725,
    "prob_decision": [
      1.075121504852475e-06,
      3.6377278639578167e-06,
      6.654558561054948e-06,
      5.290090630137865e-07,
      0.9999920681482706,
      -1.7935561359561273e-06,
      -7.62747233047948e-07,
      6.080514097358387e-07,
      5.434273974563026e-07,
      3.6343780640378784e-06,
      0.9999954236523364,
      -9.066843574520454e-08,
      3.242756951196202e-06,
      0.9999923779383338,
      0.9999902938961583,
      0.9999971432300748,
      0.9999939017417672,
      0.999995519604193
    ],
    "threshold": -1.7935561359561273e-06
  },
  "MRI": {
    "acc": 0.5,
    "accAdj": 0.0,
    "auc": 0.0,
    "f1": 0.7586206896551725,
    "prob_decision": [
      -4.5031333904977775e-08,
      3.1804568502538e-06,
      3.471129359680155e-06,
      3.4375527040583444e-06,
      0.999990430645391,
      2.7681662910542857e-06,
      2.0500268635331505e-06,
      3.2518741692482145e-06,
      3.410524449836643e-07,
      2.442496867884548e-06,
      0.999994873455616,
      -1.8586991498862945e-06,
      1.7722575055853407e-06,
      0.9999875780539021,
      0.9999899974331097,
      0.9999946795346725,
      0.9999919998725618,
      0.999992654395393
    ],
    "threshold": -1.8586991498862945e-06
  },
  "MRMR": {
    "acc": 0.5,
    "accAdj": 0.0,
    "auc": 0.0,
    "f1": 0.7586206896551725,
    "prob_decision": [
      1.8828303218877263e-06,
      2.5040234909846093e-06,
      2.104207661605296e-06,
      7.51699202049086e-06,
      0.9999922088701171,
      2.71938014540547e-06,
      8.377185356892748e-07,
      2.655614713183962e-06,
      -1.3043902399369633e-06,
      4.647191878967411e-06,
      0.9999926909111863,
      2.865257097102995e-06,
      1.8869975045693965e-06,
      0.9999884715073869,
      0.9999908356795095,
      0.9999919067356168,
      0.9999912107966914,
      0.9999975692944361
    ],
    "threshold": -1.3043902399369633e-06
  }
}