{
  "f_ratio_measure CFR": {
    "acc": 0.5,
    "accAdj": 0.0,
    "auc": 0.5454545454545454,
    "brier": 0.39570622276947176,
    "f1": 0.7586206896551725,
    "log": 2.34149327907742,
    "prob_decision": [
      0.999483116403992,
      0.047348400876502224,
      0.9580216632887008,
      0.9872336091120754,
      0.9789310309831027,
      0.00042498610553458956,
      0.9999665220493653,
      0.8854401685921063,
      0.5847786726028995,
      0.9218296247615981,
      0.007302089974163644,
      6.552080390295958e-08,
      0.3587953874356945,
      0.956746573483838,
      0.0048555405972309125,
      0.8830930612241256,
      0.976306171961955,
      0.06731123741234425
    ],
    "threshold": 6.552080390295958e-08
  },
  "f_ratio_measure CIFE": {
    "acc": 0.5,
    "accAdj": 0.0,
    "auc": 0.5194805194805194,
    "brier": 0.3869140787302906,
    "f1": 0.7586206896551725,
    "log": 2.340162138836481,
    "prob_decision": [
      0.9995107303901699,
      9.49528354782479e-08,
      0.9472132985230256,
      0.9999989517618618,
      0.9995163245254829,
      0.5172074163247792,
      0.9701103664976601,
      0.05878424707415886,
      0.039600557595476774,
      0.9218296247615981,
      0.00695203561204271,
      0.015863822519615947,
      0.9737729721885916,
      0.989205709488247,
      0.8030450498548553,
      0.42688334738479033,
      0.08812184711493848,
      0.3627986302046985
    ],
    "threshold": 9.49528354782479e-08
  },
  "f_ratio_measure DCSF": {
    "acc": 0.6688311688311688,
    "accAdj": 0.33766233766233755,
    "auc": 0.5584415584415585,
    "brier": 0.2694460912671337,
    "f1": 0.8,
    "log": 0.9506458239521355,
    "prob_decision": [
      0.9020777166392487,
      0.9020777166392487,
      0.7515486913560249,
      0.902077716639249,
      0.4855236300338729,
      0.902077716639249,
      0.902077716639249,
      0.19170870479344412,
      0.5028289716351725,
      0.9218296247615981,
      0.297767749232986,
      0.9571407317943584,
      0.9999733152853545,
      0.9332729635073445,
      0.9276224568358228,
      0.20039193607041939,
      0.863732831274222,
      0.9948991612927184
    ],
    "threshold": 0.5028289716351725
  },
  "f_ratio_measure ICAP": {
    "acc": 0.7207792207792207,
    "accAdj": 0.4415584415584415,
    "auc": 0.6363636363636364,
    "brier": 0.2870142641377322,
    "f1": 0.761904761904762,
    "log": 1.9210928436049466,
    "prob_decision": [
      0.9995107303901699,
      0.047348400876502224,
      0.9580216632887008,
      0.9988385283176929,
      0.9995163245254829,
      0.5172074163247792,
      0.9701103664976601,
      0.997553100703231,
      0.039600557595476774,
      0.9218296247615981,
      0.006466275216754076,
      6.552080390295958e-08,
      0.9737729721885916,
      0.1528675824131471,
      0.8658715524941855,
      0.42688334738479033,
      0.08812184711493848,
      0.3627986302046985
    ],
    "threshold": 0.5172074163247792
  },
  "f_ratio_measure MRI": {
    "acc": 0.5,
    "accAdj": 0.0,
    "auc": 0.49350649350649356,
    "brier": 0.424551061825498,
    "f1": 0.7586206896551725,
    "log": 3.432817111577344,
    "prob_decision": [
      0.999483116403992,
      9.49528354782479e-08,
      0.9472132985230256,
      0.9872336091120754,
      0.9885453946322406,
      0.013848169355032865,
      0.9999665220493653,
      0.9997565360163138,
      0.039600557595476774,
      0.9218296247615981,
      0.014717855746381906,
      6.552080390295958e-08,
      0.9737729721885916,
      0.9859783759707701,
      0.012618079409722404,
      0.8830930612241256,
      0.08812184711493848,
      0.9999693505240161
    ],
    "threshold": 6.552080390295958e-08
  },
  "f_ratio_measure MRMR": {
    "acc": 0.6428571428571428,
    "accAdj": 0.2857142857142856,
    "auc": 0.6363636363636364,
    "brier": 0.24180392566308073,
    "f1": 0.8148148148148148,
    "log": 1.0457854708174237,
    "prob_decision": [
      0.9020777166392487,
      0.9020777166392487,
      0.7515486913560249,
      0.902077716639249,
      0.9922814041144489,
      0.902077716639249,
      0.902077716639249,
      0.19170870479344412,
      0.5028289716351725,
      0.9218296247615981,
      0.031185587394555504,
      0.9695730032685194,
      0.9753487055203147,
      3.067853732519803e-11,
      0.7514001194234979,
      0.20039193607041939,
      0.863732831274222,
      0.9991258172842399
    ],
    "threshold": 0.19170870479344412
  },
  "kendall_corr CFR": {
    "acc": 0.5,
    "accAdj": 0.0,
    "auc": 0.5194805194805194,
    "brier": 0.42529382536181454,
    "f1": 0.7586206896551725,
    "log": 3.209183872793384,
    "prob_decision": [
      0.9945263143776455,
      0.1062052715507583,
      0.9778121209327039,
      0.9927588501922769,
      0.0010911968490048226,
      0.952971306447254,
      0.9999738008005796,
      0.841906507064671,
      0.9999639487296079,
      9.118551607669885e-10,
      0.9910598689124201,
      0.9998719321848325,
      0.9933981917573892,
      0.99832970454246,
      0.9750366739219005,
      0.9998285467909583,
      0.9996646276688278,
      0.9487097721384141
    ],
    "threshold": 9.118551607669885e-10
  },
  "kendall_corr CIFE": {
    "acc": 0.5,
    "accAdj": 0.0,
    "auc": 0.5194805194805194,
    "brier": 0.42529382536181454,
    "f1": 0.7586206896551725,
    "log": 3.209183872793384,
    "prob_decision": [
      0.9945263143776455,
      0.1062052715507583,
      0.9778121209327039,
      0.9927588501922769,
      0.0010911968490048226,
      0.952971306447254,
      0.9999738008005796,
      0.841906507064671,
      0.9999639487296079,
      9.118551607669885e-10,
      0.9910598689124201,
      0.9998719321848325,
      0.9933981917573892,
      0.99832970454246,
      0.9750366739219005,
      0.9998285467909583,
      0.9996646276688278,
      0.9487097721384141
    ],
    "threshold": 9.118551607669885e-10
  },
  "kendall_corr DCSF": {
    "acc": 0.5,
    "accAdj": 0.0,
    "auc": 0.5194805194805194,
    "brier": 0.42529382536181454,
    "f1": 0.7586206896551725,
    "log": 3.209183872793384,
    "prob_decision": [
      0.9945263143776455,
      0.1062052715507583,
      0.9778121209327039,
      0.9927588501922769,
      0.0010911968490048226,
      0.952971306447254,
      0.9999738008005796,
      0.841906507064671,
      0.9999639487296079,
      9.118551607669885e-10,
      0.9910598689124201,
      0.9998719321848325,
      0.9933981917573892,
      0.99832970454246,
      0.9750366739219005,
      0.9998285467909583,
      0.9996646276688278,
      0.9487097721384141
    ],
    "threshold": 9.118551607669885e-10
  },
  "kendall_corr ICAP": {
    "acc": 0.5,
    "accAdj": 0.0,
    "auc": 0.5194805194805194,
    "brier": 0.42529382536181454,
    "f1": 0.7586206896551725,
    "log": 3.209183872793384,
    "prob_decision": [
      0.9945263143776455,
      0.1062052715507583,
      0.9778121209327039,
      0.9927588501922769,
      0.0010911968490048226,
      0.952971306447254,
      0.9999738008005796,
      0.841906507064671,
      0.9999639487296079,
      9.118551607669885e-10,
      0.9910598689124201,
      0.9998719321848325,
      0.9933981917573892,
      0.99832970454246,
      0.9750366739219005,
      0.9998285467909583,
      0.9996646276688278,
      0.9487097721384141
    ],
    "threshold": 9.118551607669885e-10
  },
  "kendall_corr MRI": {
    "acc": 0.5,
    "accAdj": 0.0,
    "auc": 0.5194805194805194,
    "brier": 0.42529382536181454,
    "f1": 0.7586206896551725,
    "log": 3.209183872793384,