{
  "CFR": {
    "acc": 0.7662337662337663,
    "accAdj": 0.5324675324675325,
    "auc": 0.6623376623376624,
    "brier": 0.24561270781124397,
    "f1": 0.8181818181818182,
    "log": 5.352567803923458,
    "prob_decision": [
      1.0,
      0.5593950340138261,
      0.999999987539603,
      0.9999999985882972,
      1.0,
      1.0,
      1.0,
      0.9999990831931359,
      0.9999999999995808,
      1.0,
      8.497202649419383e-05,
      0.0004248023099944473,
      2.6822935788354955e-07,
      0.4418713610981088,
      0.1802642454521604,
      1.0,
      8.364826690986453e-07,
      0.000678235524543071
    ],
    "threshold": 0.5593950340138261
  },
  "CIFE": {
    "acc": 0.6428571428571428,
    "accAdj": 0.2857142857142856,
    "auc": 0.525974025974026,
    "brier": 0.37253862844447155,
    "f1": 0.8148148148148148,
    "log": 7.574658202502757,
    "prob_decision": [
      1.0,
      0.9766152191763748,
      0.9999992302904839,
      0.9999999916074618,
      1.0,
      1.0,
      4.039247764329298e-05,
      0.996403679034361,
      0.9999999999999112,
      1.0,
      1.0,
      0.0725347611306106,
      0.09859321274088682,
      3.228857222098963e-05,
      0.18026424545216105,
      1.0,
      8.5792673676088e-07,
      0.9999975745797581
    ],
    "threshold": 4.039247764329298e-05
  },
  "MRI": {
    "acc": 0.5,
    "accAdj": 0.0,
    "auc": 0.5324675324675325,
    "brier": 0.3857171435262521,
    "f1": 0.7586206896551725,
    "log": 7.839863023786784,
    "prob_decision": [
      1.0,
      0.9655953404806844,
      0.9999983250937021,
      0.9999999850380946,
      1.0,
      1.0,
      1.0,
      0.9999994524052063,
      0.9999999999999716,
      1.0,
      1.0,
      9.828355907246842e-06,
      0.040965713054869644,
      0.013154938608124018,
      0.18026424545216105,
      1.0,
      0.9946532870705583,
      0.9999971919326418
    ],
    "threshold": 9.828355907246842e-06
  }
}