{
  "CFR": {
    "acc": 0.8116883116883117,
    "accAdj": 0.6233766233766234,
    "auc": 0.7662337662337663,
    "brier": 0.18720349495951064,
    "f1": 0.8695652173913043,
    "log": 0.5652940512424109,
    "prob_decision": [
      0.711544456951327,
      0.7729246188148461,
      0.7941834515334333,
      0.7816541640978434,
      0.3706149711012989,
      0.6567157122656971,
      0.5059329914372713,
      0.7202160190163962,
      0.4011154511949435,
      0.7624107072153802,
      0.44003284259819964,
      0.3835963264991718,
      0.22551647597917412,
      0.23933163618852274,
      0.3588404812380244,
      0.822222511474506,
      0.21279235851293155,
      0.26717375656267534
    ],
    "threshold": 0.3835963264991718
  },
  "CIFE": {
    "acc": 0.7402597402597402,
    "accAdj": 0.48051948051948035,
    "auc": 0.6103896103896105,
    "brier": 0.240608781259339,
    "f1": 0.8333333333333333,
    "log": 0.6851391418403128,
    "prob_decision": [
      0.6154002564224137,
      0.786362814148939,
      0.6975407331636666,
      0.7695016294416511,
      0.6678270472188594,
      0.6207025646589076,
      0.2333324746991169,
      0.6084605569619804,
      0.42863193256899873,
      0.8880089985959967,
      0.8296584588493147,
      0.5530246457815289,
      0.36255332012163116,
      0.2314036960658934,
      0.3588404812380244,
      0.8189321031807856,
      0.23652498262864083,
      0.3456552325768938
    ],
    "threshold": 0.36255332012163116
  },
  "CMIM": {
    "acc": 0.5714285714285714,
    "accAdj": 0.1428571428571428,
    "auc": 0.5324675324675324,
    "brier": 0.2900774355525167,
    "f1": 0.7857142857142858,
    "log": 0.7845871963035594,
    "prob_decision": [
      0.3470828761797811,
      0.7608909897026818,
      0.792771815777559,
      0.5612651146089239,
      0.5071933259277935,
      0.30921832531829324,
      0.24150023207328167,
      0.8260815652861071,
      0.5497792881602587,
      0.8633620319888919,
      0.7398527951659749,
      0.24733582727397238,
      0.8217621223978496,
      0.6442465193938194,
      0.3978025626437107,
      0.6678270472188594,
      0.23246560282868456,
      0.849786832417669
    ],
    "threshold": 0.24150023207328167
  },
  "DCSF": {
    "acc": 0.5,
    "accAdj": 0.0,
    "auc": 0.5194805194805194,
    "brier": 0.2549332181688261,
    "f1": 0.7586206896551725,
    "log": 0.7147490283832532,
    "prob_decision": [
      0.8111111765213437,
      0.5820831367473168,
      0.8021796071866371,
      0.84587380537545,
      0.6642215103890575,
      0.5438381408777131,
      0.3465641765579148,
      0.6211689991882233,
      0.3090873829327479,
      0.6808273857314423,
      0.4361898748146531,
      0.7098272131359256,
      0.5154083847638521,
      0.34529823002811333,
      0.6277773434102146,
      0.816780914470714,
      0.36305824458158326,
      0.8336735472877538
    ],
    "threshold": 0.3090873829327479
  },
  "ICAP": {
    "acc": 0.7402597402597402,
    "accAdj": 0.48051948051948035,
    "auc": 0.6233766233766234,
    "brier": 0.2365919831481598,
    "f1": 0.8333333333333333,
    "log": 0.6759173929855544,
    "prob_decision": [
      0.6154002564224137,
      0.786362814148939,
      0.6975407331636666,
      0.7695016294416511,
      0.6678270472188594,
      0.5831351750642474,
      0.31798333140021867,
      0.6084605569619804,
      0.42863193256899873,
      0.8339814169149804,
      0.8296584588493147,
      0.5530246457815289,
      0.36255332012163116,
      0.2314036960658934,
      0.3588404812380244,
      0.822222511474506,
      0.23652498262864083,
      0.3456552325768938
    ],
    "threshold": 0.36255332012163116
  },
  "IWFS": {
    "acc": 0.5714285714285714,
    "accAdj": 0.1428571428571428,
    "auc": 0.5064935064935066,
    "brier": 0.2667502641630585,
    "f1": 0.7857142857142858,
    "log": 0.7431526324965543,
    "prob_decision": [
      0.3470828761797811,
      0.672393710424307,
      0.8131917268463992,
      0.5867345903248447,
      0.5071933259277935,
      0.30921832531829324,
      0.4591980097064143,
      0.7039534462178204,
      0.5755037847897456,
      0.696429085503475,
      0.6665794912083769,
      0.5597269575655027,
      0.7699685856721546,
      0.6660117509988036,
      0.3178964854670735,
      0.8391134399397607,
      0.23246560282868456,
      0.8254943482707228
    ],
    "threshold": 0.30921832531829324
  },
  "JMI": {
    "acc": 0.5,
    "accAdj": 0.0,
    "auc": 0.4285714285714286,
    "brier": 0.30370629482482525,
    "f1": 0.7586206896551725,
    "log": 0.8335772531013914,
    "prob_decision": [
      0.2010641701728685,
      0.19558195722877003,
      0.7100492360271703,
      0.8279095818978598,
      0.6442465193938194,
      0.3863399851307409,
      0.8111111765213437,
      0.8297605202455349,
      0.5472814068634336,
      0.7925281614483878,
      0.8495239474955903,
      0.4279132601772074,
      0.6211689991882233,
      0.7849902760731324,
      0.40971311569340135,
      0.8314942374838187,
      0.28731742422271006,
      0.4613598499818689
    ],
    "threshold": 0.19558195722877003
  },
  "MIFS": "Error",
  "MIM": {
    "acc": 0.5714285714285714,
    "accAdj": 0.1428571428571428,
    "auc": 0.45454545454545453,
    "brier": 0.281250962322623,
    "f1": 0.7857142857142858,
    "log": 0.7751541960045334,
    "prob_decision": [
      0.3470828761797811,
      0.672393710424307,
      0.792771815777559,
      0.5867345903248447,
      0.5071933259277935,
      0.30921832531829324,
      0.4591980097064143,
      0.4907819112282697,
      0.5755037847897456,
      0.8024339179350056,
      0.6665794912083769,
      0.5597269575655027,
      0.7699685856721546,
      0.7602640813183722,
      0.3178964854670735,
      0.8391134399397607,
      0.23246560282868456,
      0.8254943482707228
    ],
    "threshold": 0.30921832531829324
  },
  "MRI": {
    "acc": 0.7142857142857143,
    "accAdj": 0.4285714285714286,
    "auc": 0.6753246753246754,
    "brier": 0.22032609406506534,
    "f1": 0.846153846153846,
    "log": 0.6460620888139661,
    "prob_decision": [
      0.5151308106536464,
      0.7231177085583765,
      0.6884115495817044,
      0.7187338320022052,
      0.44282201074912964,
      0.6207025646589076,
      0.4884253594087606,
      0.7473340969256212,
      0.4277441301351838,
      0.7658100977296293,
      0.8296584588493147,
      0.29848062476526954,
      0.5069149013785998,
      0.2634478859453287,
      0.3588404812380244,
      0.8383357966044213,
      0.24032449438507683,
      0.2185221787973163
    ],
    "threshold": 0.29848062476526954
  },
  "MRMR": {
    "acc": 0.8116883116883117,
    "accAdj": 0.6233766233766234,
    "auc": 0.7012987012987013,
    "brier": 0.19802249999970525,
    "f1": 0.8695652173913043,
    "log": 0.5895764704034239,
    "prob_decision": [
      0.7744751287344182,
      0.8111111765213437,
      0.8111111765213437,
      0.8297605202455349,
      0.5605693619356491,
      0.6441191326036552,
      0.41854212854396716,
      0.6575812314216755,
      0.6332442475161097,
      0.8514543307713782,
      0.5178956090914816,
      0.7122520060470136,
      0.8188218689148462,
      0.29961030807914313,
      0.4915729498945745,
      0.8400560128638941,
      0.5132259328750789,
      0.822222511474506
    ],
    "threshold": 0.6332442475161097
  }
}