{
  "_logarithm_firstorder_": {
    "acc": 0.6688311688311688,
    "accAdj": 0.33766233766233755,
    "auc": 0.7142857142857143,
    "brier": 0.21139708648012878,
    "f1": 0.8,
    "log": 0.6139806737905349,
    "threshold": 0.4749829365815554
  },
  "_original_firstorder_": {
    "acc": 0.6428571428571428,
    "accAdj": 0.2857142857142856,
    "auc": 0.7012987012987013,
    "brier": 0.218141475966752,
    "f1": 0.8148148148148148,
    "log": 0.6255582887634402,
    "threshold": 0.46555477476028895
  },
  "_original_firstorder_;_logarithm_firstorder_": {
    "acc": 0.7142857142857143,
    "accAdj": 0.4285714285714286,
    "auc": 0.7532467532467533,
    "brier": 0.20577537408377097,
    "f1": 0.846153846153846,
    "log": 0.602764645302586,
    "threshold": 0.4743879948599107
  }
}