{
  "f_ratio_measure CFR": {
    "acc": 0.5714285714285714,
    "accAdj": 0.1428571428571428,
    "auc": 0.6233766233766234,
    "brier": 0.32028020795744483,
    "f1": 0.7857142857142858,
    "log": 1.3757336819890047,
    "prob_decision": [
      0.9999965525359119,
      0.03137363531469658,
      0.9622768027264204,
      0.9718094226886992,
      0.7052207674930485,
      0.442190052530201,
      0.9942098994514315,
      0.8102110370730236,
      0.4389140164673275,
      0.997986187336393,
      3.461046988253678e-08,
      0.0010589456507418083,
      0.9496446560124909,
      0.9986942616395739,
      0.676224279725716,
      0.035195928497140504,
      0.9201370348032276,
      0.6018691456384498
    ],
    "threshold": 0.0010589456507418083
  },
  "f_ratio_measure CIFE": {
    "acc": 0.5,
    "accAdj": 0.0,
    "auc": 0.6233766233766234,
    "brier": 0.3483259532675731,
    "f1": 0.7586206896551725,
    "log": 1.2721509432597287,
    "prob_decision": [
      0.9999965525359119,
      0.03137363531469658,
      0.9622768027264204,
      0.9997988413727372,
      0.7052207674930485,
      0.44219005253020094,
      0.9942098994514315,
      0.043198286509852114,
      0.06601208143902879,
      0.9999498286335927,
      0.013130497561877664,
      0.001058945650741794,
      0.9737822799295883,
      0.8111890124331809,
      0.676224279725716,
      0.36243551077699043,
      0.3552835909859611,
      0.6018691456384498
    ],
    "threshold": 0.001058945650741794
  },
  "f_ratio_measure DCSF": {
    "acc": 0.5974025974025974,
    "accAdj": 0.19480519480519476,
    "auc": 0.5194805194805194,
    "brier": 0.2981364463093807,
    "f1": 0.7692307692307692,
    "log": 1.0211764221841813,
    "prob_decision": [
      0.8404105480804687,
      0.8404105480804687,
      0.6626417821245476,
      0.8404105480804687,
      0.9146686975615654,
      0.8404105480804687,
      0.8404105480804687,
      0.09029183778479037,
      0.4461059518425903,
      0.9924734795025113,
      0.25602200332325376,
      0.9857123032211206,
      1.0,
      0.6005684813096768,
      0.9479723749015211,
      0.09670081951149802,
      0.9157898775417137,
      0.9905305607097242
    ],
    "threshold": 0.4461059518425903
  },
  "f_ratio_measure ICAP": {
    "acc": 0.5,
    "accAdj": 0.0,
    "auc": 0.5194805194805195,
    "brier": 0.4356064507946338,
    "f1": 0.7586206896551725,
    "log": 2.0620411805932166,
    "prob_decision": [
      0.9999965525359119,
      0.03137363531469658,
      0.5345524322230346,
      0.999717239033678,
      0.7052207674930485,
      0.44219005253020094,
      0.9942098994514315,
      1.5858724548122705e-05,
      0.06601208143902879,
      0.9999498286335927,
      0.013130497561877664,
      0.001058945650741794,
      0.9737822799295883,
      0.839031573886774,
      0.991166906335551,
      0.36243551077699043,
      0.9091090449497847,
      0.6018691456384498
    ],
    "threshold": 1.5858724548122705e-05
  },
  "f_ratio_measure MRI": {
    "acc": 0.5,
    "accAdj": 0.0,
    "auc": 0.6363636363636364,
    "brier": 0.3493882209775757,
    "f1": 0.7586206896551725,
    "log": 1.6266397489958508,
    "prob_decision": [
      0.9999965525359119,
      0.03137363531469658,
      0.9429041975517277,
      0.9718094226886992,
      0.7052207674930485,
      0.442190052530201,
      0.9942098994514315,
      0.9999997921567828,
      0.06601208143902879,
      0.997986187336393,
      0.02167053854090981,
      6.342585558212805e-05,
      0.9737822799295883,
      0.9986942616395739,
      0.676224279725716,
      0.035195928497140504,
      0.9201370348032276,
      0.6018691456384498
    ],
    "threshold": 6.342585558212805e-05
  },
  "f_ratio_measure MRMR": {
    "acc": 0.7142857142857143,
    "accAdj": 0.4285714285714286,
    "auc": 0.6363636363636364,
    "brier": 0.23386793188840546,
    "f1": 0.846153846153846,
    "log": 2.398501857090392,
    "prob_decision": [
      0.8404105480804687,
      0.8404105480804687,
      0.6626417821245476,
      0.8404105480804687,
      0.9999999999999747,
      0.8404105480804687,
      0.8404105480804687,
      0.09029183778479037,
      0.4461059518425903,
      0.9924734795025113,
      0.033685501300891686,
      0.9924734795025113,
      0.9971033435647388,
      2.8753756511345387e-19,
      0.056363769646608324,
      0.09670081951149802,
      0.9157898775417137,
      0.9907801272478953
    ],
    "threshold": 0.09029183778479037
  },
  "kendall_corr CFR": {
    "acc": 0.5,
    "accAdj": 0.0,
    "auc": 0.6298701298701299,
    "brier": 0.4437615923583548,
    "f1": 0.7586206896551725,
    "log": 7.424343375971056,
    "prob_decision": [
      0.9999999999104359,
      0.0027726242077551794,
      0.999999763738069,
      0.9999999993076096,
      1.4719885439125898e-18,
      0.9999992906687478,
      1.0,
      0.9998960036052625,
      1.0,
      2.7248104320430954e-20,
      0.9967966277661883,
      1.0,
      0.9999982491553173,
      0.9999502371870004,
      0.9999999193323547,
      1.0,
      0.9999995943691893,
      0.9998715873662891
    ],
    "threshold": 2.7248104320430954e-20
  },
  "kendall_corr CIFE": {
    "acc": 0.5,
    "accAdj": 0.0,
    "auc": 0.6298701298701299,
    "brier": 0.4437615923583548,
    "f1": 0.7586206896551725,
    "log": 7.424343375971056,
    "prob_decision": [
      0.9999999999104359,
      0.0027726242077551794,
      0.999999763738069,
      0.9999999993076096,
      1.4719885439125898e-18,
      0.9999992906687478,
      1.0,
      0.9998960036052625,
      1.0,
      2.7248104320430954e-20,
      0.9967966277661883,
      1.0,
      0.9999982491553173,
      0.9999502371870004,
      0.9999999193323547,
      1.0,
      0.9999995943691893,
      0.9998715873662891
    ],
    "threshold": 2.7248104320430954e-20
  },
  "kendall_corr DCSF": {
    "acc": 0.5,
    "accAdj": 0.0,
    "auc": 0.6298701298701299,
    "brier": 0.4437615923583548,
    "f1": 0.7586206896551725,
    "log": 7.424343375971056,
    "prob_decision": [
      0.9999999999104359,
      0.0027726242077551794,
      0.999999763738069,
      0.9999999993076096,
      1.4719885439125898e-18,
      0.9999992906687478,
      1.0,
      0.9998960036052625,
      1.0,
      2.7248104320430954e-20,
      0.9967966277661883,
      1.0,
      0.9999982491553173,
      0.9999502371870004,
      0.9999999193323547,
      1.0,
      0.9999995943691893,
      0.9998715873662891
    ],
    "threshold": 2.7248104320430954e-20
  },
  "kendall_corr ICAP": {
    "acc": 0.5,
    "accAdj": 0.0,
    "auc": 0.6298701298701299,
    "brier": 0.4437615923583548,
    "f1": 0.7586206896551725,
    "log": 7.424343375971056,
    "prob_decision": [
      0.9999999999104359,
      0.0027726242077551794,
      0.999999763738069,
      0.9999999993076096,
      1.4719885439125898e-18,
      0.9999992906687478,
      1.0,
      0.9998960036052625,
      1.0,
      2.7248104320430954e-20,
      0.9967966277661883,
      1.0,
      0.9999982491553173,
      0.9999502371870004,
      0.9999999193323547,
      1.0,
      0.9999995943691893,
      0.9998715873662891
    ],
    "threshold": 2.7248104320430954e-20
  },
  "kendall_corr MRI": {
    "acc": 0.5,
    "accAdj": 0.0,
    "auc": 0.6298701298701299,
    "brier": 0.4437615923583548,
    "f1": 0.7586206896551725,
    "log": 7.424343375971056,
    "prob_decision": [
      0.9999999999104359,
      0.0027726242077551794,
      0.999999763738069,
      0.9999999993076096,
      1.4719885439125898e-18,
      0.9999992906687478,
      1.0,
      0.9998960036052625,
      1.0,
      2.7248104320430954e-20,
      0.9967966277661883,
      1.0,
      0.9999982491553173,
      0.9999502371870004,
      0.9999999193323547,
      1.0,
      0.9999995943691893,
      0.9998715873662891
    ],
    "threshold": 2.7248104320430954e-20
  },
  "kendall_corr MRMR": {
    "acc": 0.5,
    "accAdj": 0.0,
    "auc": 0.6298701298701299,
    "brier": 0.4437615923583548,