{
  "CFR": {
    "acc": 0.5,
    "accAdj": 0.0,
    "auc": 0.0,
    "f1": 0.7586206896551725,
    "prob_decision": [
      1.154947950175787e-05,
      -7.808320424021984e-07,
      7.865298321020873e-06,
      -4.340302828578738e-06,
      0.9999885836855786,
      -1.0700950625609364e-05,
      -5.834424514907492e-06,
      -4.395538067315722e-06,
      5.566161770516148e-06,
      5.069300998678084e-06,
      0.9999814746365392,
      -8.341647550365417e-06,
      -1.059262242442381e-05,
      0.9999830714419823,
      0.9999953418702064,
      0.9999838707963733,
      0.9999822227088931,
      0.9999843666037707
    ],
    "threshold": -1.0700950625609364e-05
  },
  "CIFE": {
    "acc": 0.5,
    "accAdj": 0.0,
    "auc": 0.0,
    "f1": 0.7586206896551725,
    "prob_decision": [
      1.1537709001686264e-05,
      -1.3736520063465124e-05,
      1.0770260406834273e-05,
      -7.883826589330724e-06,
      0.99998724167282,
      -1.0700950625609364e-05,
      4.383152649163127e-06,
      -1.4114212156186027e-06,
      -5.1586845213308404e-08,
      -5.6212976756509025e-06,
      0.9999927285062095,
      -8.341647550365417e-06,
      7.699064904476256e-06,
      0.9999828162090956,
      0.9999793338171926,
      0.9999844947251527,
      0.9999833284882778,
      1.0000002218493775
    ],
    "threshold": -1.3736520063465124e-05
  },
  "DCSF": {
    "acc": 0.5,
    "accAdj": 0.0,
    "auc": 0.0,
    "f1": 0.7586206896551725,
    "prob_decision": [
      6.404014063135933e-06,
      -1.3482775061786548e-05,
      -1.8985251794192505e-06,
      2.8700118244960853e-06,
      0.9999714350545988,
      3.946611725876164e-06,
      2.274814437366739e-06,
      9.031832810312927e-06,
      3.136932760501817e-06,
      9.88837898021408e-06,
      0.9999814746365392,
      1.3136498738108588e-05,
      1.1248486616202978e-05,
      0.9999731715874688,
      0.9999758261570856,
      0.9999763431254673,
      0.9999834577767498,
      1.0000037712535488
    ],
    "threshold": -1.3482775061786548e-05
  },
  "ICAP": {
    "acc": 0.5,
    "accAdj": 0.0,
    "auc": 0.0,
    "f1": 0.7586206896551725,
    "prob_decision": [
      1.1549479501757867e-05,
      -1.3736520063465124e-05,
      1.0770260406834273e-05,
      -7.883826589330724e-06,
      0.9999870887895346,
      -1.0700950625609364e-05,
      -5.834424514907492e-06,
      -1.4114212156186027e-06,
      -2.446622799377591e-07,
      7.248472812239974e-06,
      0.9999927285062095,
      -8.341647550365417e-06,
      7.699064904476256e-06,
      0.9999828162090956,
      0.9999793338171926,
      1.0000024278182356,
      0.9999834577767498,
      1.0000000969691958
    ],
    "threshold": -1.3736520063465124e-05
  },
  "MRI": {
    "acc": 0.5,
    "accAdj": 0.0,
    "auc": 0.0,
    "f1": 0.7586206896551725,
    "prob_decision": [
      1.1537709001686247e-05,
      -7.808320424021984e-07,
      7.87006382194377e-06,
      -7.883826589330724e-06,
      0.9999885836855786,
      -1.0700950625609364e-05,
      4.383152649163127e-06,
      -1.4114212156186027e-06,
      -5.1586845213308404e-08,
      -7.033057152497333e-06,
      0.9999814746365392,
      -8.341647550365417e-06,
      1.5984559245872173e-06,
      0.9999828162090956,
      0.9999953418702064,
      0.9999838707963733,
      0.9999822227088931,
      0.9999835329216282
    ],
    "threshold": -1.0700950625609364e-05
  },
  "MRMR": {
    "acc": 0.5,
    "accAdj": 0.0,
    "auc": 0.0,
    "f1": 0.7586206896551725,
    "prob_decision": [
      6.404014063135933e-06,
      6.064669448078313e-06,
      -1.8985251794192505e-06,
      2.690883005167258e-06,
      0.9999714350545988,
      3.946611725876164e-06,
      2.2402895548543335e-06,
      -1.5667005175111422e-05,
      3.6123146172362147e-06,
      1.0605784556666496e-05,
      1.0000067112292697,
      -6.2210036939377646e-06,
      1.1248486616202978e-05,
      0.9999731715874688,
      0.9999758261570856,
      0.9999763431254673,
      0.9999830116628972,
      1.0000037712535488
    ],
    "threshold": -1.5667005175111422e-05
  }
}