{
  "CFR": {
    "acc": 0.7142857142857143,
    "accAdj": 0.4285714285714286,
    "auc": 0.7272727272727273,
    "brier": 0.31806772926415616,
    "f1": 0.846153846153846,
    "log": 1.4444207684550814,
    "prob_decision": [
      0.9987640600175974,
      0.08047300621323122,
      0.5188609212457337,
      0.9474839139749668,
      0.009152110641035348,
      0.02422294960773275,
      0.24072060757882296,
      0.9892955586666402,
      0.9998320033759845,
      0.9999999827211185,
      0.007543970070119608,
      0.48825555605685755,
      0.010270468573761125,
      0.0006764499988244457,
      0.9166682064221098,
      0.9999288916920988,
      0.07159165054373177,
      0.1726918885719303
    ],
    "threshold": 0.010270468573761125
  },
  "CIFE": {
    "acc": 0.6428571428571428,
    "accAdj": 0.2857142857142856,
    "auc": 0.577922077922078,
    "brier": 0.32618001975532973,
    "f1": 0.8148148148148148,
    "log": 4.5864826366642175,
    "prob_decision": [
      1.0,
      0.08047300621323122,
      0.5188609212457337,
      0.24044386734044518,
      0.5599191591183396,
      0.02422294960773275,
      0.24072060757882296,
      0.9892955586666402,
      0.9998320033759845,
      0.9999568830316462,
      1.0,
      0.48825555605685755,
      0.9999790789759496,
      0.0006764499988244408,
      0.018346944343676945,
      0.24610849625607675,
      0.2285413913962341,
      0.9999999999999991
    ],
    "threshold": 0.02422294960773275
  },
  "DCSF": {
    "acc": 0.9285714285714286,
    "accAdj": 0.8571428571428572,
    "auc": 0.8571428571428571,
    "brier": 0.08150963318365895,
    "f1": 0.9565217391304348,
    "log": 1.5885277490117051,
    "prob_decision": [
      0.9940696800387466,
      0.9996214907062145,
      0.9868500547940694,
      0.9940696800387466,
      0.09256195245702988,
      0.7944145221937005,
      0.9940696800387466,
      0.9995577626372314,
      0.40937994232361624,
      0.9880827152117448,
      0.007543970070119608,
      0.8974485081482082,
      0.9994856602672589,
      0.0021766751563057985,
      0.007543970070119608,
      0.06496654445424634,
      0.2285413913962342,
      0.9999999999978735
    ],
    "threshold": 0.40937994232361624
  },
  "ICAP": {
    "acc": 0.6428571428571428,
    "accAdj": 0.2857142857142856,
    "auc": 0.525974025974026,
    "brier": 0.3783639184192749,
    "f1": 0.8148148148148148,
    "log": 5.110651222359971,
    "prob_decision": [
      1.0,
      0.08047300621323122,
      0.5188609212457337,
      0.24044386734044518,
      0.5599191591183396,
      0.02422294960773275,
      0.24072060757882296,
      0.9892955586666402,
      0.9998320033759845,
      0.9999568830316462,
      1.0,
      0.48825555605685755,
      0.9999790789759496,
      0.0006764499988244457,
      0.018346944343676945,
      0.9999397821271243,
      0.2285413913962342,
      0.9999999999999991
    ],
    "threshold": 0.02422294960773275
  },
  "MRI": {
    "acc": 0.7857142857142857,
    "accAdj": 0.5714285714285714,
    "auc": 0.8571428571428571,
    "brier": 0.24888203584431684,
    "f1": 0.88,
    "log": 1.1291574458844726,
    "prob_decision": [
      1.0,
      0.08047300621323122,
      0.5188609212457337,
      0.24044386734044518,
      0.009152110641035348,
      0.02422294960773275,
      0.24072060757882296,
      0.9892955586666402,
      0.9998320033759845,
      0.9999568830316462,
      0.007543970070119608,
      0.48825555605685755,
      0.9999790789759496,
      0.0006764499988244457,
      0.018346944343676945,
      0.9999288916920988,
      0.07159165054373177,
      0.1726918885719303
    ],
    "threshold": 0.02422294960773275
  },
  "MRMR": {
    "acc": 0.8376623376623377,
    "accAdj": 0.6753246753246753,
    "auc": 0.7402597402597403,
    "brier": 0.186218146464993,
    "f1": 0.8571428571428572,
    "log": 1.2737587014446625,
    "prob_decision": [
      0.9940696800387466,
      0.9940696800387466,
      0.9868500547940694,
      0.9940696800387466,
      0.09256195245702988,
      0.9940696800387466,
      0.9940696800387466,
      0.0004981815887077722,
      0.40937994232361624,
      0.9659636363654591,
      0.007543970070119608,
      0.00940782597413475,
      0.9994856602672589,
      0.0021766751563057985,
      0.007543970070119608,
      0.06496654445424634,
      0.9999178454234517,
      0.09256195245702988
    ],
    "threshold": 0.40937994232361624
  }
}