{
  "CFR": {
    "acc": 0.5,
    "accAdj": 0.0,
    "auc": 0.0,
    "f1": 0.7586206896551725,
    "prob_decision": [
      5.208044085912683e-06,
      1.1181103024115829e-06,
      -5.655066876948242e-07,
      2.9620387700710733e-06,
      0.99999518038118,
      1.2072100177964192e-06,
      1.2570434287107493e-06,
      3.5611290181222547e-07,
      1.1868000544745839e-06,
      2.5639460909515295e-06,
      0.9999902612721565,
      -1.737067040737701e-07,
      3.4896969346588763e-07,
      0.9999928727054992,
      0.999989056285363,
      0.9999958157272483,
      0.9999941372798937,
      0.9999904205660852
    ],
    "threshold": -5.655066876948242e-07
  },
  "CIFE": {
    "acc": 0.5,
    "accAdj": 0.0,
    "auc": 0.0,
    "f1": 0.7586206896551725,
    "prob_decision": [
      3.1027845293390765e-06,
      -1.7508516019112725e-07,
      1.2037037962404077e-06,
      4.4273454198621e-06,
      0.9999958380465701,
      1.0332447487971357e-06,
      3.3003000292991034e-06,
      -2.0709438074693127e-07,
      1.4408621813012112e-06,
      2.9432286584882302e-06,
      0.999996332976259,
      -8.473123651477922e-08,
      3.7066539462897005e-06,
      0.9999922943905609,
      0.9999881911965036,
      0.9999951285833298,
      0.9999945247312885,
      0.9999923798643281
    ],
    "threshold": -2.0709438074693127e-07
  },
  "CMIM": {
    "acc": 0.5,
    "accAdj": 0.0,
    "auc": 0.0,
    "f1": 0.7586206896551725,
    "prob_decision": [
      -3.4231490446993616e-06,
      1.1435051007143732e-06,
      1.2323352674246394e-06,
      2.1045009278334122e-06,
      0.9999940098506612,
      -4.061429385121289e-06,
      -2.993685594138865e-06,
      4.903076618863235e-06,
      -0.15766483609861037,
      3.1331679277591873e-06,
      0.5315554887962107,
      1.2707976251231234e-06,
      3.1356395681073903e-06,
      0.9999881372673506,
      0.9999943449890683,
      0.9999920425816051,
      0.9999943000857662,
      0.9999924748674255
    ],
    "threshold": -0.15766483609861037
  },
  "DCSF": {
    "acc": 0.5,
    "accAdj": 0.0,
    "auc": 0.0,
    "f1": 0.7586206896551725,
    "prob_decision": [
      3.7854651768486757e-08,
      6.805697085963255e-07,
      2.8939064723104703e-06,
      3.3674771259115094e-06,
      0.9999937008914602,
      2.7007111963839285e-06,
      2.328029822659319e-06,
      3.3648079269885424e-07,
      -3.434192937303084e-07,
      -3.591688842038767e-06,
      0.9999934817978184,
      -1.0746669798841739e-06,
      3.233763059916978e-07,
      0.9999903995198173,
      0.9999956161629593,
      0.9999953755754194,
      0.9999919556060415,
      0.999996846711946
    ],
    "threshold": -3.591688842038767e-06
  },
  "ICAP": {
    "acc": 0.5,
    "accAdj": 0.0,
    "auc": 0.0,
    "f1": 0.7586206896551725,
    "prob_decision": [
      2.7717186888031318e-06,
      -3.2187382443048476e-07,
      1.2042309067560755e-06,
      4.414209712802484e-06,
      0.9999945639904484,
      2.3481039391114327e-06,
      5.302512238153064e-06,
      -4.0892741456650044e-07,
      1.4442257732528e-06,
      2.1074270934183465e-06,
      0.9999951885028311,
      -9.561471666146954e-07,
      3.689733903859971e-06,
      0.999991407376665,
      0.9999878888090249,
      0.9999950854945078,
      0.9999925516577975,
      0.9999920026625652
    ],
    "threshold": -9.561471666146954e-07
  },
  "IWFS": {
    "acc": 0.5,
    "accAdj": 0.0,
    "auc": 0.0,
    "f1": 0.7586206896551725,
    "prob_decision": [
      -3.4231490446993616e-06,
      1.1254558823241973e-06,
      1.2323352674246394e-06,
      1.871642340468625e-06,
      0.9999940098506612,
      -4.061429385121289e-06,
      -2.842474959513793e-06,
      1.0428721493728638e-06,
      -6.820428616170319e-07,
      2.1670730627537885e-06,
      0.9999943740464659,
      9.813889443131292e-07,
      3.2488072511624383e-06,
      0.9999955705251636,
      0.9999925035899876,
      0.9999968855217353,
      0.9999943000857662,
      0.9999968088636633
    ],
    "threshold": -4.061429385121289e-06
  },
  "JMI": {
    "acc": 0.5,
    "accAdj": 0.0,
    "auc": 0.0,
    "f1": 0.7586206896551725,
    "prob_decision": [
      1.6914759351707503e-07,
      -2.029143789810295e-06,
      1.4413959167141533e-06,
      1.5411373110397757e-06,
      0.9999959065496956,
      -9.076224811046189e-08,
      2.8688418606861058e-06,
      1.7305833327341583e-06,
      -1.8234868875881455e-06,
      4.745565069111821e-06,
      0.9999949196057902,
      -2.552023426607373e-06,
      -1.375348066112795e-07,
      0.9999939649184442,
      0.9999918944864692,
      0.9999960953848243,
      0.9999956751460511,
      0.9999899811102532
    ],
    "threshold": -2.552023426607373e-06
  },
  "MIFS": "Error",
  "MIM": {
    "acc": 0.5,
    "accAdj": 0.0,
    "auc": 0.0,
    "f1": 0.7586206896551725,
    "prob_decision": [
      -3.4231490446993616e-06,
      1.1254558823241973e-06,
      1.2323352674246394e-06,
      1.928823738154087e-06,
      0.9999940098506612,
      -4.061429385121289e-06,
      -2.842474959513793e-06,
      -2.4731548936345506e-06,
      -6.820428616170319e-07,
      -0.30417706399879785,
      0.9999943740464659,
      6.073408594780876e-07,
      3.2488072511624383e-06,
      0.9999952733677483,
      0.9999925035899876,
      0.9999967759523322,
      0.9999943000857662,
      0.9999970482152283
    ],
    "threshold": -0.30417706399879785
  },
  "MRI": {
    "acc": 0.5,
    "accAdj": 0.0,
    "auc": 0.0,
    "f1": 0.7586206896551725,
    "prob_decision": [
      2.2637571203031325e-06,
      -1.3217386891622517e-06,
      1.8652331667658442e-07,
      3.7273372097222324e-06,
      0.9999949144600813,
      1.424357081861726e-07,
      7.071994823868022e-06,
      6.753909842780651e-07,
      2.0546266446743956e-06,
      2.964417766155409e-06,
      0.9999950939274429,
      8.281351114922061e-07,
      3.558899511974318e-06,
      0.999993658096451,
      0.9999912766605799,
      0.9999925196461495,
      0.9999939172493145,
      0.9999908669415384
    ],
    "threshold": -1.3217386891622517e-06
  },
  "MRMR": {
    "acc": 0.5,
    "accAdj": 0.0,
    "auc": 0.0,
    "f1": 0.7586206896551725,
    "prob_decision": [
      5.65654521050437e-06,
      1.761387409515767e-06,
      2.553293468473836e-06,
      4.194261097864588e-06,
      0.9999941790197057,
      1.2484133467836136e-06,
      2.8137825782634647e-06,
      1.9302653350727022e-06,
      -2.240195443690091e-07,
      1.317504132847855e-06,
      0.9999929007168666,
      2.0168513626586025e-06,
      1.609158378722212e-06,
      0.9999933342029236,
      0.9999956101503821,
      0.999995826866696,
      0.9999905132021941,
      0.9999995505269685
    ],
    "threshold": -2.240195443690091e-07
  }
}