{
  "CFR": {
    "acc": 0.7662337662337663,
    "accAdj": 0.5324675324675325,
    "auc": 0.6753246753246753,
    "brier": 0.24684146020563993,
    "f1": 0.8181818181818182,
    "log": 0.6939665538106717,
    "prob_decision": [
      0.6567163619115711,
      0.4455677600304743,
      0.27655705479152365,
      0.8111110132364479,
      0.5538776518673387,
      0.40892776282744575,
      0.5618988237656741,
      0.5317374056328414,
      0.42863193256899873,
      0.7821316734963298,
      0.27040195487576985,
      0.24762314187592038,
      0.40120818933886254,
      0.2499987761274187,
      0.31481423520199764,
      0.8383357966044213,
      0.29088099983289006,
      0.26611184979988417
    ],
    "threshold": 0.40120818933886254
  },
  "CIFE": {
    "acc": 0.7142857142857143,
    "accAdj": 0.4285714285714286,
    "auc": 0.6103896103896105,
    "brier": 0.21332330973304942,
    "f1": 0.846153846153846,
    "log": 0.6295357414370306,
    "prob_decision": [
      0.6779533248014292,
      0.5041214985938076,
      0.4982140806357693,
      0.8169376234807348,
      0.6792780830321071,
      0.5836175132758551,
      0.8061879225424832,
      0.487814291112419,
      0.6590932843001879,
      0.7067322606396081,
      0.8336735472877538,
      0.5872235940721224,
      0.8111111765213437,
      0.28328683023514084,
      0.2891241001332809,
      0.8383357966044213,
      0.24333400699887683,
      0.49097643929418333
    ],
    "threshold": 0.487814291112419
  },
  "CMIM": {
    "acc": 0.6428571428571428,
    "accAdj": 0.2857142857142856,
    "auc": 0.7402597402597403,
    "brier": 0.2140553711440406,
    "f1": 0.8148148148148148,
    "log": 0.6171266804028903,
    "prob_decision": [
      0.2760783689020275,
      0.6986797094692037,
      0.6885495400250123,
      0.8183479369233986,
      0.5023789690666163,
      0.28446861621006136,
      0.5099850315047736,
      0.8492993582415073,
      0.4749328295207313,
      0.6207001933329224,
      0.8088132121515829,
      0.5044734190360834,
      0.7689840016598044,
      0.2666364154672587,
      0.4903206603919917,
      0.37746950781053523,
      0.14490880959972782,
      0.4830087350669346
    ],
    "threshold": 0.2760783689020275
  },
  "DCSF": {
    "acc": 0.5,
    "accAdj": 0.0,
    "auc": 0.4155844155844156,
    "brier": 0.2968941741738217,
    "f1": 0.7586206896551725,
    "log": 0.807977060381297,
    "prob_decision": [
      0.5267694916578133,
      0.45691646409352077,
      0.829761749723347,
      0.8235065692935342,
      0.6515230602175874,
      0.6567157122656971,
      0.5648818356913553,
      0.6499818611991169,
      0.5004105767507525,
      0.2411243417283873,
      0.49373690463638625,
      0.3240419248608356,
      0.45868194618803954,
      0.34529823002811333,
      0.8327909394747208,
      0.7259033447023135,
      0.26717375656267534,
      0.8249962095326472
    ],
    "threshold": 0.2411243417283873
  },
  "ICAP": {
    "acc": 0.5,
    "accAdj": 0.0,
    "auc": 0.48051948051948057,
    "brier": 0.2771939653685705,
    "f1": 0.7586206896551725,
    "log": 0.7674850430480316,
    "prob_decision": [
      0.6665781124078659,
      0.2944425042177597,
      0.4982140806357693,
      0.8169376234807348,
      0.749774413079089,
      0.5848321018259349,
      0.8297605202455349,
      0.4629103242551848,
      0.6590932843001879,
      0.6143338047440811,
      0.822222511474506,
      0.24762314187592038,
      0.7843226248681742,
      0.560519385905698,
      0.27139270910650476,
      0.8383357966044213,
      0.3559426957840635,
      0.5218281531588101
    ],
    "threshold": 0.24762314187592038
  },
  "IWFS": {
    "acc": 0.5714285714285714,
    "accAdj": 0.1428571428571428,
    "auc": 0.32467532467532473,
    "brier": 0.33722326942260383,
    "f1": 0.7857142857142858,
    "log": 0.9015590478759248,
    "prob_decision": [
      0.2760783689020275,
      0.7421691520339512,
      0.6885495400250123,
      0.660778717915743,
      0.5023789690666163,
      0.28446861621006136,
      0.3446446484815094,
      0.3657924848250929,
      0.5503443399022128,
      0.6926102693409603,
      0.7729548242280325,
      0.5531033753358782,
      0.826236520181232,
      0.8455522954330292,
      0.6858451420232625,
      0.8154072318675736,
      0.14490880959972782,
      0.8222223481896102
    ],
    "threshold": 0.2760783689020275
  },
  "JMI": {
    "acc": 0.5,
    "accAdj": 0.0,
    "auc": 0.33766233766233766,
    "brier": 0.32025388698718615,
    "f1": 0.7586206896551725,
    "log": 0.8573296808740408,
    "prob_decision": [
      0.6262581367704302,
      0.3462321505768502,
      0.7452558045992103,
      0.522026758827487,
      0.6846510549732466,
      0.36686506557455895,
      0.7986785567395941,
      0.5245965072200932,
      0.4586308410269731,
      0.8306513135879152,
      0.8209849270744082,
      0.3335566443218694,
      0.3708410568852673,
      0.8100443671883352,
      0.4580104751533929,
      0.8189323108986608,
      0.4895267374167626,
      0.3949434116051646
    ],
    "threshold": 0.3335566443218694
  },
  "MIFS": "Error",
  "MIM": {
    "acc": 0.5714285714285714,
    "accAdj": 0.1428571428571428,
    "auc": 0.3116883116883117,
    "brier": 0.34759347134079843,
    "f1": 0.7857142857142858,
    "log": 0.9254021409062161,
    "prob_decision": [
      0.2760783689020275,
      0.7421691520339512,
      0.6885495400250123,
      0.8091842437593981,
      0.5023789690666163,
      0.28446861621006136,
      0.3446446484815094,
      0.4558914168936569,
      0.5503443399022128,
      0.35281559467414975,
      0.7729548242280325,
      0.5577811866717092,
      0.826236520181232,
      0.8455522954330292,
      0.6858451420232625,
      0.8185901730398072,
      0.14490880959972782,
      0.849786832417669
    ],
    "threshold": 0.2760783689020275
  },
  "MRI": {
    "acc": 0.6948051948051948,
    "accAdj": 0.3896103896103895,
    "auc": 0.6623376623376623,
    "brier": 0.2219867237286847,
    "f1": 0.7826086956521738,
    "log": 0.6422252773559498,
    "prob_decision": [
      0.6753650559898884,
      0.21105703109437426,
      0.45403598141640966,
      0.8417199018012592,
      0.4882272780609831,
      0.5120195020257515,
      0.8111112556901121,
      0.5838181048727232,
      0.6230771006332901,
      0.8111111765213437,
      0.8370982122043235,
      0.3410646387290597,
      0.7372719353303516,
      0.25649381701488755,
      0.38350644453017074,
      0.6388889489711057,
      0.3539751298037122,
      0.36247321046337005
    ],
    "threshold": 0.45403598141640966
  },
  "MRMR": {
    "acc": 0.7142857142857143,
    "accAdj": 0.4285714285714286,
    "auc": 0.5064935064935066,
    "brier": 0.24226936242712188,
    "f1": 0.846153846153846,
    "log": 0.7028234329731002,
    "prob_decision": [
      0.8407087226581167,
      0.6507318578873416,
      0.7933496113984678,
      0.8272244616512588,
      0.5289905470668024,
      0.6438244445682096,
      0.7195859102495831,
      0.6161358915479167,
      0.5773016639442214,
      0.7156038748224393,
      0.48024198162010595,
      0.7280779047625838,
      0.7120627881713636,
      0.8336735472877538,
      0.8391928252876726,
      0.769857680513796,
      0.41745609339674355,
      0.8336735472877538
    ],
    "threshold": 0.5773016639442214
  }
}