{
  "linear-svm": {
    "acc": 0.6428571428571428,
    "accAdj": 0.2857142857142856,
    "auc": 0.5714285714285714,
    "f1": 0.8148148148148148,
    "prob_decision": [
      7.282737217476414e-05,
      -8.79714276485755e-05,
      7.993054882123253e-05,
      5.464582637264298e-05,
      -2.089666919759831e-05,
      -2.1148739559449652e-05,
      0.00034434575384622733,
      -1.4990544536309104e-05,
      -2.508869590434316e-06,
      -2.4842440262267747e-05,
      0.0001262017524112982,
      3.053609152990501e-05,
      -1.1562692516615923e-05,
      -0.00025165806900400963,
      9.445179192772717e-06,
      7.180862931690668e-05,
      -0.00013865032635438425,
      2.0967067610029924e-05
    ],
    "threshold": -8.79714276485755e-05
  }
}