{
  "f_ratio_measure CFR": {
    "acc": 0.5714285714285714,
    "accAdj": 0.1428571428571428,
    "auc": 0.6103896103896104,
    "brier": 0.314576978779807,
    "f1": 0.7857142857142858,
    "log": 0.8741963780341316,
    "prob_decision": [
      0.5685302660149298,
      0.16068337520636344,
      0.9999999999396323,
      1.0,
      0.9176210516593347,
      0.6351984543822149,
      0.4405021559184694,
      0.9163193769117852,
      0.9246342426650448,
      0.9007251711084694,
      0.3227435609981232,
      0.1689025494470794,
      0.9411100991897626,
      0.9133824678295359,
      0.8264906763756062,
      0.0029222038441583135,
      0.6920251234610153,
      0.8163741019354965
    ],
    "threshold": 0.16068337520636344
  },
  "f_ratio_measure CIFE": {
    "acc": 0.5,
    "accAdj": 0.0,
    "auc": 0.5714285714285714,
    "brier": 0.3466135798137253,
    "f1": 0.7586206896551725,
    "log": 1.1471406916982687,
    "prob_decision": [
      0.9919025343977537,
      0.016891965845691775,
      0.9999999999396323,
      1.0,
      0.9176210516593347,
      0.6792754953990211,
      0.4405021559184694,
      0.7215915852910988,
      0.037667015932939585,
      0.9007251711084694,
      0.4860165636460817,
      0.1689025494470794,
      0.9999410859391026,
      0.9735104530874119,
      0.12347594397756806,
      0.6256111466976458,
      0.2313223172741499,
      0.816267237805076
    ],
    "threshold": 0.016891965845691775
  },
  "f_ratio_measure DCSF": {
    "acc": 0.5974025974025974,
    "accAdj": 0.19480519480519476,
    "auc": 0.6103896103896105,
    "brier": 0.31514667421839493,
    "f1": 0.7692307692307692,
    "log": 1.9171609123739581,
    "prob_decision": [
      0.9940696800387466,
      0.9940696800387466,
      0.9999999999396323,
      0.9940696800387466,
      0.5935668168462892,
      0.9940696800387466,
      0.9940696800387466,
      0.0004981815887077722,
      0.40937994232361624,
      0.9007251711084694,
      0.39012369251698154,
      0.9992143545305252,
      0.9997074811355744,
      0.9221007048108427,
      0.979806528527776,
      0.022298022938897242,
      0.9999178454234517,
      0.9998153111232795
    ],
    "threshold": 0.40937994232361624
  },
  "f_ratio_measure ICAP": {
    "acc": 0.5,
    "accAdj": 0.0,
    "auc": 0.4675324675324675,
    "brier": 0.4610760999376986,
    "f1": 0.7586206896551725,
    "log": 1.5636662385094011,
    "prob_decision": [
      0.9919025343977537,
      0.016891965845691775,
      0.9999999999396323,
      0.9007789708828312,
      0.9176210516593347,
      0.9937408593085835,
      0.4405021559184694,
      0.5703664331339214,
      0.037667015932939585,
      0.9007251711084694,
      0.8679824147545904,
      0.1689025494470794,
      0.9999410859391026,
      0.8687802048242835,
      0.8921727053164273,
      0.6256111466976458,
      0.9973856812257352,
      0.816267237805076
    ],
    "threshold": 0.016891965845691775
  },
  "f_ratio_measure MRI": {
    "acc": 0.6428571428571428,
    "accAdj": 0.2857142857142856,
    "auc": 0.6753246753246753,
    "brier": 0.3211902035861504,
    "f1": 0.8148148148148148,
    "log": 1.0795689848527992,
    "prob_decision": [
      0.5685302660149298,
      0.16068337520636344,
      0.9999999998311431,
      1.0,
      0.9176210516593347,
      0.6351984543822149,
      0.4405021559184694,
      0.99488849828493,
      0.037667015932939585,
      0.9007251711084694,
      0.0005324329774918705,
      0.1689025494470794,
      0.9999410859391026,
      0.9455033685518571,
      0.2805476040722733,
      0.00025216146407574467,
      0.9909457595942955,
      0.14598611629988276
    ],
    "threshold": 0.037667015932939585
  },
  "f_ratio_measure MRMR": {
    "acc": 0.7662337662337663,
    "accAdj": 0.5324675324675325,
    "auc": 0.6493506493506493,
    "brier": 0.22032006615175914,
    "f1": 0.8181818181818182,
    "log": 1.5815574050376497,
    "prob_decision": [
      0.9940696800387466,
      0.9940696800387466,
      0.9999999999396323,
      0.9940696800387466,
      0.5935668168462892,
      0.9940696800387466,
      0.9940696800387466,
      0.0004981815887077722,
      0.40937994232361624,
      0.9007251711084694,
      0.13666419329029847,
      0.9992143545305252,
      0.9985529047765921,
      0.09297280441501421,
      0.47691439028899985,
      0.036536378835626826,
      0.9999178454234517,
      0.9998153111232795
    ],
    "threshold": 0.9007251711084694
  },
  "kendall_corr CFR": {
    "acc": 0.5,
    "accAdj": 0.0,
    "auc": 0.38961038961038963,
    "brier": 0.4284734739082616,
    "f1": 0.7586206896551725,
    "log": 5.8994986066196855,
    "prob_decision": [
      0.9954978096469597,
      0.13440544952349542,
      0.9701143115065691,
      0.9925845665266463,
      0.010945103747362035,
      0.9816934678609439,
      0.9999958693694887,
      0.9161444156062681,
      0.9999999999196034,
      2.934838895147778e-11,
      0.9999590941427948,
      0.9999999948240272,
      0.9937637300572683,
      0.9999997624325596,
      0.9898738524276973,
      0.999993616462197,
      0.9999999999999971,
      0.9874307194970021
    ],
    "threshold": 2.934838895147778e-11
  },
  "kendall_corr CIFE": {
    "acc": 0.5,
    "accAdj": 0.0,
    "auc": 0.38961038961038963,
    "brier": 0.42826414931631285,
    "f1": 0.7586206896551725,
    "log": 4.900702667166355,
    "prob_decision": [
      0.9954978096469597,
      0.13440544952349542,
      0.9701143115065691,
      0.9925845665266463,
      0.010945103747362035,
      0.9816934678609439,
      0.9999958693694887,
      0.9161444156062681,
      0.9999999999196034,
      0.0018856992877894353,
      0.9999590941427948,
      0.9999999948240272,
      0.9937637300572683,
      0.9999997624325596,
      0.9898738524276973,
      0.999993616462197,
      0.9999999999999971,
      0.9874307194970021
    ],
    "threshold": 0.0018856992877894353
  },
  "kendall_corr DCSF": {
    "acc": 0.5,
    "accAdj": 0.0,
    "auc": 0.38961038961038963,
    "brier": 0.4284734737047225,
    "f1": 0.7586206896551725,
    "log": 5.668957532335308,
    "prob_decision": [
      0.9954978096469597,
      0.13440544952349542,
      0.9701143115065691,
      0.9925845665266463,
      0.010945103747362035,
      0.9816934678609439,
      0.9999958693694887,
      0.9161444156062681,
      0.9999999999196034,
      1.8612005043762804e-09,
      0.9999590941427948,
      0.9999999948240272,
      0.9937637300572683,
      0.9999997624325596,
      0.9898738524276973,
      0.999993616462197,
      0.9999999999999971,
      0.9874307194970021
    ],
    "threshold": 1.8612005043762804e-09
  },
  "kendall_corr ICAP": {
    "acc": 0.5,
    "accAdj": 0.0,
    "auc": 0.38961038961038963,
    "brier": 0.42826414931631285,
    "f1": 0.7586206896551725,
    "log": 4.900702667166355,
    "prob_decision": [
      0.9954978096469597,
      0.13440544952349542,
      0.9701143115065691,
      0.9925845665266463,
      0.010945103747362035,
      0.9816934678609439,
      0.9999958693694887,
      0.9161444156062681,
      0.9999999999196034,
      0.0018856992877894353,
      0.9999590941427948,
      0.9999999948240272,
      0.9937637300572683,
      0.9999997624325596,
      0.9898738524276973,
      0.999993616462197,
      0.9999999999999971,
      0.9874307194970021
    ],
    "threshold": 0.0018856992877894353
  },
  "kendall_corr MRI": {
    "acc": 0.5,
    "accAdj": 0.0,
    "auc": 0.38961038961038963,
    "brier": 0.42826414931631285,
    "f1": 0.7586206896551725,
    "log": 4.900702667166355,