{
  "CFR": {
    "acc": 0.6428571428571428,
    "accAdj": 0.2857142857142856,
    "auc": 0.7402597402597403,
    "f1": 0.8148148148148148,
    "prob_decision": [
      -0.9999833207797704,
      -0.9999924347204304,
      -0.9999858297268925,
      -0.9999953195686522,
      -0.9999949029494943,
      -0.9999992991252528,
      -0.9999958124578313,
      -0.9999877272808593,
      -0.9999871280963923,
      -0.9999889169750725,
      -0.9999974870127244,
      -0.9999969469352324,
      -0.9999988971541067,
      -1.0000006468702383,
      -0.9999877862418224,
      -1.0000006284221103,
      -0.9999960553114681,
      -0.9999967452417449
    ],
    "threshold": -0.9999992991252528
  },
  "CIFE": {
    "acc": 0.5714285714285714,
    "accAdj": 0.1428571428571428,
    "auc": 0.5974025974025974,
    "f1": 0.7857142857142858,
    "prob_decision": [
      -0.9999833217075356,
      -0.9999998077125005,
      -0.99998431911244,
      -0.9999976152881583,
      -0.9999969300887795,
      -0.9999992991252528,
      -0.9999886833243995,
      -0.9999919058254338,
      -0.9999912975405606,
      -0.9999965741094574,
      -0.9999878348260653,
      -0.9999969469352324,
      -0.9999850762863571,
      -0.9999993254772861,
      -0.9999991008492343,
      -1.0000006284221103,
      -0.9999960072576244,
      -0.9999832383586957
    ],
    "threshold": -0.9999998077125005
  },
  "DCSF": {
    "acc": 0.8831168831168831,
    "accAdj": 0.7662337662337662,
    "auc": 0.8051948051948051,
    "f1": 0.9090909090909091,
    "prob_decision": [
      -0.9999875607512595,
      -0.999999824689908,
      -0.99999163937549,
      -0.999989126783967,
      -0.9999971703147162,
      -0.9999882367112833,
      -0.9999887402602742,
      -0.9999859134641682,
      -0.9999866395607887,
      -0.9999847058386283,
      -0.9999974870127244,
      -0.9999815144441326,
      -0.9999835241709277,
      -0.9999975228748276,
      -0.9999978372137662,
      -0.9999999999999545,
      -0.9999954557305916,
      -0.999982921592699
    ],
    "threshold": -0.99999163937549
  },
  "ICAP": {
    "acc": 0.5,
    "accAdj": 0.0,
    "auc": 0.48051948051948057,
    "f1": 0.7586206896551725,
    "prob_decision": [
      -0.9999833217075356,
      -0.9999998077125005,
      -0.9999843114265903,
      -0.9999976152881583,
      -0.9999969300887795,
      -0.9999992991252528,
      -0.9999958124578313,
      -0.9999919058254338,
      -0.9999914198845128,
      -0.9999866813619239,
      -0.9999878348260653,
      -0.9999969469352324,
      -0.9999850762863571,
      -0.9999993254772861,
      -0.9999990964662215,
      -0.9999814498734828,
      -0.9999960072576244,
      -0.9999832383586957
    ],
    "threshold": -0.9999998077125005
  },
  "MRI": {
    "acc": 0.6428571428571428,
    "accAdj": 0.2857142857142856,
    "auc": 0.7402597402597403,
    "f1": 0.8148148148148148,
    "prob_decision": [
      -0.9999833207797704,
      -0.9999920579857353,
      -0.9999858297268925,
      -0.9999976152881583,
      -0.9999949029494943,
      -0.9999992991252528,
      -0.9999886833243995,
      -0.9999919058254338,
      -0.9999912975405606,
      -0.9999970139462172,
      -0.9999974870127244,
      -0.9999969469352324,
      -0.9999890138024156,
      -0.9999993807780296,
      -0.9999877862418224,
      -1.0000006284221103,
      -0.9999960553114681,
      -0.9999982524792412
    ],
    "threshold": -0.9999992991252528
  },
  "MRMR": {
    "acc": 0.8116883116883117,
    "accAdj": 0.6233766233766234,
    "auc": 0.6623376623376623,
    "f1": 0.8695652173913043,
    "prob_decision": [
      -0.9999875607512595,
      -0.9999861040961552,
      -0.99999163937549,
      -0.9999885417612323,
      -0.9999971703147162,
      -0.9999882367112833,
      -0.9999858422124424,
      -0.9999982928594519,
      -0.9999866395607887,
      -0.9999837173106598,
      -0.9999817039375115,
      -0.9999944692432314,
      -0.9999835241709277,
      -0.9999975228748276,
      -0.9999978372137662,
      -0.9999999999999545,
      -0.9999968812623621,
      -0.999982921592699
    ],
    "threshold": -0.9999944692432314
  }
}