{
  "poly-svm": {
    "acc": 0.5,
    "accAdj": 0.0,
    "auc": 0.0,
    "f1": 0.7586206896551725,
    "prob_decision": [
      7.344300823077968e-06,
      -4.429378554828547e-05,
      5.5306096913434867e-05,
      -2.8194421700776127e-06,
      0.9999265206079199,
      2.523368744290279e-05,
      0.00034694827098495325,
      -1.860381180460391e-05,
      -1.4733982202584081e-05,
      -1.961545135133153e-05,
      0.999692479253861,
      -1.8100660591380475e-05,
      -5.1121416532050334e-05,
      0.999383295185454,
      0.9999292553623728,
      0.9990736780452986,
      0.9998458777149325,
      0.9998727499572179
    ],
    "threshold": -5.1121416532050334e-05
  }
}