{
  "CFR": {
    "acc": 0.7662337662337663,
    "accAdj": 0.5324675324675325,
    "auc": 0.6623376623376624,
    "brier": 0.24561270781124397,
    "f1": 0.8181818181818182,
    "log": 5.352567803923458,
    "prob_decision": [
      1.0,
      0.5593950340138261,
      0.999999987539603,
      0.9999999985882972,
      1.0,
      1.0,
      1.0,
      0.9999990831931359,
      0.9999999999995808,
      1.0,
      8.497202649419383e-05,
      0.0004248023099944473,
      2.6822935788354955e-07,
      0.4418713610981088,
      0.1802642454521604,
      1.0,
      8.364826690986438e-07,
      0.000678235524543071
    ],
    "threshold": 0.5593950340138261
  },
  "CIFE": {
    "acc": 0.6428571428571428,
    "accAdj": 0.2857142857142856,
    "auc": 0.525974025974026,
    "brier": 0.37253862844447155,
    "f1": 0.8148148148148148,
    "log": 7.574658202502757,
    "prob_decision": [
      1.0,
      0.9766152191763748,
      0.9999992302904839,
      0.9999999916074618,
      1.0,
      1.0,
      4.039247764329298e-05,
      0.996403679034361,
      0.9999999999999112,
      1.0,
      1.0,
      0.0725347611306106,
      0.09859321274088682,
      3.228857222098963e-05,
      0.18026424545216105,
      1.0,
      8.5792673676088e-07,
      0.9999975745797581
    ],
    "threshold": 4.039247764329298e-05
  },
  "CMIM": {
    "acc": 0.5,
    "accAdj": 0.0,
    "auc": 0.37012987012987014,
    "brier": 0.5283842359186012,
    "f1": 0.7586206896551725,
    "log": 10.770402164830607,
    "prob_decision": [
      0.7123236813408781,
      0.9999966608775572,
      0.9999999999999982,
      0.9999999684221668,
      0.9999980145699815,
      2.0094728194480078e-06,
      0.00012389037425596789,
      1.0,
      0.9972016336743516,
      1.0,
      1.0,
      1.7838661452139867e-05,
      1.0,
      1.0,
      0.6663866630665877,
      0.9999999999999964,
      0.9921547252527536,
      1.0
    ],
    "threshold": 2.0094728194480078e-06
  },
  "DCSF": {
    "acc": 0.6428571428571428,
    "accAdj": 0.2857142857142856,
    "auc": 0.4025974025974026,
    "brier": 0.49827049815065494,
    "f1": 0.8148148148148148,
    "log": 10.33880914885295,
    "prob_decision": [
      1.0,
      1.9431882237728623e-05,
      0.999999993774443,
      0.9999999999352642,
      0.9964066115005459,
      9.542836932997933e-06,
      0.011942972734791097,
      0.9999974543791375,
      0.9999953283624361,
      0.9999999977698177,
      2.4190636658842225e-14,
      0.999996508757874,
      7.79575274806431e-05,
      1.0,
      1.0,
      1.0,
      6.9567975211448475e-06,
      1.0
    ],
    "threshold": 9.542836932997933e-06
  },
  "ICAP": {
    "acc": 0.5714285714285714,
    "accAdj": 0.1428571428571428,
    "auc": 0.512987012987013,
    "brier": 0.37254131158252446,
    "f1": 0.7857142857142858,
    "log": 7.62526640153699,
    "prob_decision": [
      1.0,
      0.9766152191763748,
      0.9999992302904839,
      0.9999999916074618,
      1.0,
      1.0,
      1.624355131835758e-05,
      0.996403679034361,
      0.9999999999999112,
      1.0,
      1.0,
      0.0725347611306106,
      0.09859321274088682,
      3.2288572220989396e-05,
      0.18026424545216105,
      1.0,
      8.579267367608739e-07,
      0.9999975745797581
    ],
    "threshold": 1.624355131835758e-05
  },
  "IWFS": {
    "acc": 0.5,
    "accAdj": 0.0,
    "auc": 0.2987012987012987,
    "brier": 0.43820998752679385,
    "f1": 0.7586206896551725,
    "log": 9.412895406603432,
    "prob_decision": [
      0.7123236813408781,
      0.9997583130154347,
      1.0,
      0.9997459371676579,
      0.9999980145699815,
      2.0094728194480078e-06,
      0.9811875002645353,
      0.9999999906377965,
      0.987281892439591,
      0.973026338757242,
      1.0,
      0.09541914380075738,
      1.0,
      0.999999999998769,
      0.0339000730690216,
      1.0,
      0.9921547252527536,
      1.0
    ],
    "threshold": 2.0094728194480078e-06
  },
  "JMI": {
    "acc": 0.5,
    "accAdj": 0.0,
    "auc": 0.4415584415584416,
    "brier": 0.4433792027743404,
    "f1": 0.7586206896551725,
    "log": 7.951126416288781,
    "prob_decision": [
      3.875828537989671e-07,
      2.102614121460481e-05,
      0.9999999867082928,
      1.0,
      0.9999999999222382,
      0.9999661662215661,
      1.0,
      1.0,
      0.9707260412994931,
      1.0,
      1.0,
      0.9723379659583335,
      0.985329394499731,
      0.9999867288166673,
      0.997833146876298,
      1.0,
      0.9914994609955389,
      0.01776143391703133
    ],
    "threshold": 3.875828537989671e-07
  },
  "MIFS": "Error",
  "MIM": {
    "acc": 0.5,
    "accAdj": 0.0,
    "auc": 0.26623376623376627,
    "brier": 0.43819115608249753,
    "f1": 0.7586206896551725,
    "log": 9.15732254151221,
    "prob_decision": [
      0.7123236813408781,
      0.9997583130154347,
      0.9999999999999982,
      0.9997459371676579,
      0.9999980145699815,
      2.0094728194480078e-06,
      0.9811875002645353,
      0.9802867543529739,
      0.987281892439591,
      0.9999757038078037,
      1.0,
      0.09541914380075738,
      1.0,
      0.9999999998783995,
      0.0339000730690216,
      1.0,
      0.9921547252527536,
      1.0
    ],
    "threshold": 2.0094728194480078e-06
  },
  "MRI": {
    "acc": 0.5,
    "accAdj": 0.0,
    "auc": 0.5324675324675325,
    "brier": 0.3857171435262521,
    "f1": 0.7586206896551725,
    "log": 7.839863023786784,
    "prob_decision": [
      1.0,
      0.9655953404806844,
      0.9999983250937021,
      0.9999999850380946,
      1.0,
      1.0,
      1.0,
      0.9999994524052063,
      0.9999999999999716,
      1.0,
      1.0,
      9.828355907246842e-06,
      0.040965713054869644,
      0.013154938608123924,
      0.18026424545216105,
      1.0,
      0.9946532870705583,
      0.9999971919326418
    ],
    "threshold": 9.828355907246842e-06
  },
  "MRMR": {
    "acc": 0.5,
    "accAdj": 0.0,
    "auc": 0.1428571428571429,
    "brier": 0.5356606435588522,
    "f1": 0.7586206896551725,
    "log": 14.718799740145275,
    "prob_decision": [
      0.9999933985412186,
      1.7168582903124996e-09,
      1.0,
      0.9999999999999982,
      1.0,
      5.92670950076387e-07,
      0.6598686270012387,
      4.537304282245188e-06,
      0.31858259011932966,
      0.9999999500678273,
      1.0,
      0.9999999315805491,
      0.9936390996218302,
      1.0,
      1.0,
      1.0,
      0.248681219513799,
      1.0
    ],
    "threshold": 1.7168582903124996e-09
  }
}