{
  "CFR": {
    "acc": 0.8116883116883117,
    "accAdj": 0.6233766233766234,
    "auc": 0.8051948051948052,
    "brier": 0.198343547328429,
    "f1": 0.8695652173913043,
    "log": 1.0921722547495039,
    "prob_decision": [
      0.9996557409578688,
      0.9345405477959469,
      3.6662086350414214e-05,
      0.9981544472565783,
      0.3127529978215382,
      0.3672159213084035,
      0.960016700905049,
      0.8076968220881783,
      0.812695770637602,
      0.9124293072932306,
      0.0021497731562899946,
      0.04021809168421268,
      0.6710063649456226,
      0.0010774775708122261,
      0.0007301007282534298,
      0.9782552356322917,
      6.7840274780526635e-09,
      0.0004004727623029786
    ],
    "threshold": 0.04021809168421268
  },
  "CIFE": {
    "acc": 0.7402597402597402,
    "accAdj": 0.48051948051948035,
    "auc": 0.7012987012987013,
    "brier": 0.2517255566348796,
    "f1": 0.8333333333333333,
    "log": 2.6222597066584252,
    "prob_decision": [
      0.9863167708950257,
      0.5537846399165168,
      0.8263701585893881,
      0.9926084655527174,
      0.8551009255285414,
      0.9624636330254852,
      0.9980170184334267,
      0.0331634124119724,
      0.973462347300946,
      0.7348868018457779,
      1.0,
      0.20445979505805661,
      0.9995830751851632,
      0.1856720316022822,
      0.002670556922988109,
      0.9290305649230657,
      4.986561261170661e-13,
      0.180904730115492
    ],
    "threshold": 0.20445979505805661
  },
  "CMIM": {
    "acc": 0.5714285714285714,
    "accAdj": 0.1428571428571428,
    "auc": 0.6363636363636364,
    "brier": 0.33877126512269595,
    "f1": 0.7857142857142858,
    "log": 1.4746317318378892,
    "prob_decision": [
      0.008950347579806317,
      0.8953725402497139,
      0.47056081701714214,
      0.9732943181888352,
      0.6115859102209368,
      0.07692395617466095,
      0.0017461735781884185,
      0.9975044747447467,
      0.006741387326255522,
      0.8969757581668243,
      0.9842510066942942,
      0.23602342703118911,
      0.9999831638026491,
      0.00721434996161359,
      5.490187190949944e-38,
      0.16274474947790993,
      0.01302690281426646,
      0.15754129118656046
    ],
    "threshold": 0.0017461735781884185
  },
  "DCSF": {
    "acc": 0.6428571428571428,
    "accAdj": 0.2857142857142856,
    "auc": 0.5584415584415585,
    "brier": 0.42451799330118406,
    "f1": 0.8148148148148148,
    "log": 1.6572315952527192,
    "prob_decision": [
      0.11525465979234813,
      0.5132458382965396,
      0.9999180188409499,
      0.9972535041248046,
      0.01401339926239579,
      0.8952059836915018,
      0.8035528179491569,
      0.058011104164058254,
      0.36951243642142284,
      0.029768777087633536,
      0.030314173565756254,
      0.3153183031927733,
      0.023938224495501367,
      0.23278638746277242,
      0.9946855699430548,
      0.9403757415315736,
      2.1021448648412308e-07,
      0.9976655166803425
    ],
    "threshold": 0.023938224495501367
  },
  "ICAP": {
    "acc": 0.7142857142857143,
    "accAdj": 0.4285714285714286,
    "auc": 0.7402597402597403,
    "brier": 0.22722374454123104,
    "f1": 0.846153846153846,
    "log": 1.9806113064587834,
    "prob_decision": [
      0.9916805819999317,
      0.5290985651301532,
      0.8263701585893884,
      0.9926084655527174,
      0.36959202973156785,
      0.9371468003071388,
      0.9998532435477991,
      0.06779481352607264,
      0.973462347300946,
      0.854450482131111,
      0.9999999999897125,
      0.036530757380328086,
      0.998780436193353,
      0.12198355015825714,
      0.001358825521283731,
      0.9290305649230657,
      0.0004095993119366857,
      0.017594813839206542
    ],
    "threshold": 0.036530757380328086
  },
  "IWFS": {
    "acc": 0.5,
    "accAdj": 0.0,
    "auc": 0.33766233766233766,
    "brier": 0.4986899224356457,
    "f1": 0.7586206896551725,
    "log": 2.6886677136432,
    "prob_decision": [
      0.008950347579806317,
      0.7750593996785564,
      0.47056081701714214,
      0.8700564692825917,
      0.6115859102209368,
      0.07692395617466095,
      0.002730081040672765,
      0.31904213548828403,
      0.10751418020468786,
      0.9993516893489506,
      0.9995273606033022,
      0.42597208703079115,
      0.9981891410537993,
      0.9169485541753021,
      0.05207915041592049,
      0.9966556792274331,
      0.01302690281426646,
      0.9999976873106858
    ],
    "threshold": 0.002730081040672765
  },
  "JMI": {
    "acc": 0.5,
    "accAdj": 0.0,
    "auc": 0.35064935064935066,
    "brier": 0.4472338504073829,
    "f1": 0.7586206896551725,
    "log": 6.603708136927067,
    "prob_decision": [
      0.9124703101627277,
      0.24104895119683598,
      0.9999390754455545,
      0.885546972031243,
      0.999825697468564,
      0.7992382487707741,
      0.7219457579682915,
      0.7874411706786776,
      0.024230383421706646,
      0.983533146849571,
      0.9999999999999998,
      0.0673987197602757,
      4.686458628277409e-10,
      1.0,
      0.674731905667861,
      0.998523052105024,
      0.006472905290896588,
      0.12842727882466157
    ],
    "threshold": 4.686458628277409e-10
  },
  "MIFS": "Error",
  "MIM": {
    "acc": 0.5,
    "accAdj": 0.0,
    "auc": 0.3246753246753247,
    "brier": 0.518276268607288,
    "f1": 0.7586206896551725,
    "log": 2.5892435143489916,
    "prob_decision": [
      0.008950347579806317,
      0.7750593996785555,
      0.47056081701714214,
      0.959769286229096,
      0.6115859102209368,
      0.07692395617466095,
      0.002730081040672765,
      0.06768900677512289,
      0.10751418020468786,
      0.386092864628661,
      0.9995273606033022,
      0.7349648918688687,
      0.9981891410537993,
      0.8286368854593366,
      0.05207915041592049,
      0.9961181408164198,
      0.01302690281426646,
      0.9999629408229055
    ],
    "threshold": 0.002730081040672765
  },
  "MRI": {
    "acc": 0.8116883116883117,
    "accAdj": 0.6233766233766234,
    "auc": 0.7272727272727273,
    "brier": 0.2573928160744578,
    "f1": 0.8695652173913043,
    "log": 1.849960985655116,
    "prob_decision": [
      0.9771897864982453,
      0.128062424286574,
      0.003095662541511834,
      0.999156394751297,
      0.011955315328887961,
      0.8711549892490087,
      0.9999983732435227,
      0.7581893087418871,
      0.9388861846550657,
      0.9997588457586533,
      0.9999999839476628,
      0.09517496657571568,
      0.9993792750447436,
      0.012005973992608634,
      0.012881724234567796,
      0.9901915133760848,
      4.138889812172733e-05,
      0.002633074856710724
    ],
    "threshold": 0.09517496657571568
  },
  "MRMR": {
    "acc": 0.6428571428571428,
    "accAdj": 0.2857142857142856,
    "auc": 0.5584415584415585,
    "brier": 0.2919137017610622,
    "f1": 0.8148148148148148,
    "log": 1.9660023008295997,
    "prob_decision": [
      0.9998915533276467,
      0.9867107357683214,
      0.9180437355969251,
      0.9973682507385461,
      0.9698544789048281,
      0.36697751958284575,
      0.9984808179268547,
      0.9138298606497909,
      0.6385350045039669,
      0.9875640975928938,
      0.03595049041600751,
      0.9961969691416187,
      0.9961660074455339,
      0.8757804302304402,
      0.9999931100099047,
      0.9907816538427882,
      0.13433984525600456,
      0.9999886157463697
    ],
    "threshold": 0.36697751958284575
  }
}