{
  "f_ratio_measure CFR": {
    "acc": 0.5,
    "accAdj": 0.0,
    "auc": 0.0,
    "f1": 0.7586206896551725,
    "prob_decision": [
      1.0755500159242102e-05,
      6.245299153774657e-08,
      7.602569308346003e-06,
      2.8196949658037044e-06,
      0.9999896889406241,
      -3.617422448259738e-07,
      4.501692646381845e-06,
      5.16319024784929e-06,
      -1.1549262061185942e-05,
      6.185325296658754e-06,
      0.9999904033137491,
      -9.01403338309557e-06,
      -1.6347166387703233e-07,
      0.9999886764960539,
      0.9999936290838656,
      0.999997757820214,
      0.9999932936590482,
      0.9999974862218602
    ],
    "threshold": -1.1549262061185942e-05
  },
  "f_ratio_measure CIFE": {
    "acc": 0.5,
    "accAdj": 0.0,
    "auc": 0.0,
    "f1": 0.7586206896551725,
    "prob_decision": [
      3.6579823526940784e-07,
      -7.035711817890756e-06,
      7.602569308346003e-06,
      4.594709425856843e-06,
      0.9999895681603014,
      -3.617422448259738e-07,
      4.440029007752851e-06,
      -1.0160180009081777e-05,
      -1.1549262061185942e-05,
      1.112256035301936e-05,
      0.9999904033137491,
      -9.01403338309557e-06,
      -1.6921077583781158e-06,
      0.9999987867780887,
      0.9999892002807064,
      0.9999899819766431,
      0.9999892368965314,
      0.9999974862218602
    ],
    "threshold": -1.1549262061185942e-05
  },
  "f_ratio_measure DCSF": {
    "acc": 0.5,
    "accAdj": 0.0,
    "auc": 0.0,
    "f1": 0.7586206896551725,
    "prob_decision": [
      4.476604971611544e-06,
      1.188306697383077e-05,
      5.899269648847489e-06,
      1.0929009099708796e-05,
      0.9999970910144261,
      5.998839774566391e-06,
      4.476604971611544e-06,
      -1.5667005175111422e-05,
      -1.1549262061185942e-05,
      1.112256035301936e-05,
      0.999985987204339,
      -1.956567403644595e-06,
      7.469498452539751e-06,
      0.9999797350081516,
      0.9999912945457791,
      0.9999797350081516,
      0.9999908741563227,
      1.0000032237582979
    ],
    "threshold": -1.5667005175111422e-05
  },
  "f_ratio_measure ICAP": {
    "acc": 0.5,
    "accAdj": 0.0,
    "auc": 0.0,
    "f1": 0.7586206896551725,
    "prob_decision": [
      3.6579823526940784e-07,
      -7.035711817890756e-06,
      7.602569308346003e-06,
      5.335238940793874e-06,
      0.999990766796633,
      -3.617422448259738e-07,
      8.249486061503074e-06,
      4.387798643795483e-08,
      -1.1549262061185942e-05,
      1.112256035301936e-05,
      0.9999904033137491,
      -9.01403338309557e-06,
      -1.6921077583781158e-06,
      0.9999942272959823,
      0.9999892002807064,
      0.9999899819766431,
      0.9999892368965314,
      0.9999927979435262
    ],
    "threshold": -1.1549262061185942e-05
  },
  "f_ratio_measure MRI": {
    "acc": 0.5,
    "accAdj": 0.0,
    "auc": 0.0,
    "f1": 0.7586206896551725,
    "prob_decision": [
      1.0755500159242102e-05,
      6.245299153774657e-08,
      3.4572746475826858e-06,
      2.8196949658037044e-06,
      0.9999896889406241,
      -2.2218887050147594e-07,
      4.501692646381845e-06,
      5.16319024784929e-06,
      -1.1549262061185942e-05,
      1.112256035301936e-05,
      0.9999904033137491,
      -9.01403338309557e-06,
      -1.6921077583781158e-06,
      0.9999886764960539,
      0.9999892002807064,
      0.999997757820214,
      0.9999892368965314,
      0.9999927979435262
    ],
    "threshold": -1.1549262061185942e-05
  },
  "f_ratio_measure MRMR": {
    "acc": 0.5,
    "accAdj": 0.0,
    "auc": 0.0,
    "f1": 0.7586206896551725,
    "prob_decision": [
      4.476604971611544e-06,
      2.0755835941247524e-06,
      5.899269648847489e-06,
      1.75820671352278e-06,
      0.999997359255054,
      5.998839774566391e-06,
      4.476604971611544e-06,
      -1.5667005175111422e-05,
      -5.1622525378991735e-06,
      1.112256035301936e-05,
      0.9999708908805401,
      6.221596279588944e-06,
      7.469498452539751e-06,
      0.9999797350081516,
      0.9999777265615886,
      0.9999797350081516,
      0.9999908741563227,
      1.000005672422769
    ],
    "threshold": -1.5667005175111422e-05
  },
  "kendall_corr CFR": {
    "acc": 0.5,
    "accAdj": 0.0,
    "auc": 0.0,
    "f1": 0.7586206896551725,
    "prob_decision": [
      1.577717331206749e-05,
      -1.2133570770083604e-05,
      1.140360382918789e-05,
      1.4968706314549326e-05,
      0.99997504078935,
      7.70502767807462e-06,
      2.258562123217993e-06,
      3.7196099184382935e-06,
      9.96961943101998e-06,
      -5.997366388255685e-07,
      1.000007430622939,
      1.3433577437036504e-05,
      1.5277488414809888e-05,
      1.0000041944301072,
      0.999993460209866,
      0.999998955286772,
      1.0000016137407604,
      0.9999979364094322
    ],
    "threshold": -1.2133570770083604e-05
  },
  "kendall_corr CIFE": {
    "acc": 0.5,
    "accAdj": 0.0,
    "auc": 0.0,
    "f1": 0.7586206896551725,
    "prob_decision": [
      1.577717331206749e-05,
      -1.2133570770083604e-05,
      1.140360382918789e-05,
      1.4968706314549326e-05,
      0.99997504078935,
      7.70502767807462e-06,
      2.258562123217993e-06,
      3.7196099184382935e-06,
      9.96961943101998e-06,
      -5.997366388255685e-07,
      1.000007430622939,
      1.3433577437036504e-05,
      1.5277488414809888e-05,
      1.0000041944301072,
      0.999993460209866,
      0.999998955286772,
      1.0000016137407604,
      0.9999979364094322
    ],
    "threshold": -1.2133570770083604e-05
  },
  "kendall_corr DCSF": {
    "acc": 0.5,
    "accAdj": 0.0,
    "auc": 0.0,
    "f1": 0.7586206896551725,
    "prob_decision": [
      1.577717331206749e-05,
      -1.2133570770083604e-05,
      1.140360382918789e-05,
      1.4968706314549326e-05,
      0.99997504078935,
      7.70502767807462e-06,
      2.258562123217993e-06,
      3.7196099184382935e-06,
      9.96961943101998e-06,
      -5.997366388255685e-07,
      1.000007430622939,
      1.3433577437036504e-05,
      1.5277488414809888e-05,
      1.0000041944301072,
      0.999993460209866,
      0.999998955286772,
      1.0000016137407604,
      0.9999979364094322
    ],
    "threshold": -1.2133570770083604e-05
  },
  "kendall_corr ICAP": {
    "acc": 0.5,
    "accAdj": 0.0,
    "auc": 0.0,
    "f1": 0.7586206896551725,
    "prob_decision": [
      1.577717331206749e-05,
      -1.2133570770083604e-05,
      1.140360382918789e-05,
      1.4968706314549326e-05,
      0.99997504078935,
      7.70502767807462e-06,
      2.258562123217993e-06,
      3.7196099184382935e-06,
      9.96961943101998e-06,
      -5.997366388255685e-07,
      1.000007430622939,
      1.3433577437036504e-05,
      1.5277488414809888e-05,
      1.0000041944301072,
      0.999993460209866,
      0.999998955286772,
      1.0000016137407604,
      0.9999979364094322
    ],
    "threshold": -1.2133570770083604e-05
  },
  "kendall_corr MRI": {
    "acc": 0.5,
    "accAdj": 0.0,
    "auc": 0.0,
    "f1": 0.7586206896551725,
    "prob_decision": [
      1.577717331206749e-05,
      -1.2133570770083604e-05,
      1.140360382918789e-05,
      1.4968706314549326e-05,
      0.99997504078935,
      7.70502767807462e-06,
      2.258562123217993e-06,
      3.7196099184382935e-06,
      9.96961943101998e-06,
      -5.997366388255685e-07,
      1.000007430622939,
      1.3433577437036504e-05,
      1.5277488414809888e-05,
      1.0000041944301072,
      0.999993460209866,
      0.999998955286772,
      1.0000016137407604,
      0.9999979364094322
    ],
    "threshold": -1.2133570770083604e-05
  },
  "kendall_corr MRMR": {
    "acc": 0.5,
    "accAdj": 0.0,
    "auc": 0.0,
    "f1": 0.7586206896551725,