{
  "CFR": {
    "acc": 0.7857142857142857,
    "accAdj": 0.5714285714285714,
    "auc": 0.7792207792207791,
    "brier": 0.2053892928009133,
    "f1": 0.88,
    "log": 0.9147978406243342,
    "prob_decision": [
      0.9726320513825799,
      0.5557587185830138,
      0.9362569425715049,
      0.9467787637855616,
      0.022800840671411172,
      0.9002510507648441,
      0.6465480015684792,
      0.9425117511438212,
      0.24018577621875792,
      0.9991213551903189,
      0.24859898792158472,
      0.12893010036428706,
      0.08124685931130192,
      0.06357337363197252,
      0.3268358213899187,
      0.999760771777934,
      0.0052549110872626365,
      0.03011473510244707
    ],
    "threshold": 0.08124685931130192
  },
  "CIFE": {
    "acc": 0.7142857142857143,
    "accAdj": 0.4285714285714286,
    "auc": 0.6753246753246753,
    "brier": 0.2503100017177777,
    "f1": 0.846153846153846,
    "log": 1.0235569741988868,
    "prob_decision": [
      0.9512188438981017,
      0.8391258070146802,
      0.8383770657968127,
      0.8908482122779988,
      0.0865813305786512,
      0.8320439389324868,
      0.07976877990265344,
      0.7916402416513527,
      0.30674579899491494,
      0.9960673881202006,
      0.9978408208026184,
      0.27457844069040654,
      0.3485892191472127,
      0.022736503305385215,
      0.31546471944923277,
      0.9911549559883058,
      0.004544050521620234,
      0.06340072663134808
    ],
    "threshold": 0.07976877990265344
  },
  "CMIM": {
    "acc": 0.5,
    "accAdj": 0.0,
    "auc": 0.6363636363636364,
    "brier": 0.3257106889439319,
    "f1": 0.7586206896551725,
    "log": 1.065665899132064,
    "prob_decision": [
      0.9087341898113226,
      0.9767333388264209,
      0.9985946604993122,
      0.689347392157162,
      0.5126911153647847,
      0.07210863857117678,
      0.017864593277412504,
      0.9879038912889393,
      0.7076711111585701,
      0.983289191030127,
      0.9708967543014948,
      0.3848236207189967,
      0.9986861369585911,
      0.7262940326291665,
      0.33754278272969107,
      0.8648105874245685,
      0.022402466936865144,
      0.9339093905908967
    ],
    "threshold": 0.017864593277412504
  },
  "DCSF": {
    "acc": 0.6428571428571428,
    "accAdj": 0.2857142857142856,
    "auc": 0.6493506493506493,
    "brier": 0.2751898264103768,
    "f1": 0.8148148148148148,
    "log": 0.8877512351832331,
    "prob_decision": [
      0.9822766880375324,
      0.7216349849650315,
      0.9763315184601185,
      0.9719105833766738,
      0.6011357384216631,
      0.3307744440870197,
      0.12617249170657016,
      0.9669031345506703,
      0.09882387731243798,
      0.9635079443413522,
      0.016264335064350856,
      0.853662025686316,
      0.2778045390860909,
      0.33036500261369284,
      0.4091894987345726,
      0.8249026697882285,
      0.027626792365315903,
      0.9929094136883987
    ],
    "threshold": 0.09882387731243798
  },
  "ICAP": {
    "acc": 0.8116883116883117,
    "accAdj": 0.6233766233766234,
    "auc": 0.6883116883116883,
    "brier": 0.2873684077225913,
    "f1": 0.8695652173913043,
    "log": 1.5012382832847242,
    "prob_decision": [
      0.9672763274398671,
      0.8391258070146802,
      0.8383770657968127,
      0.9350823301653449,
      0.08952141164932699,
      0.3338369567525263,
      0.06896386818529475,
      0.760631970695797,
      0.2663358434901329,
      0.9977290836579055,
      0.9988100571732912,
      0.22833411831834338,
      0.2310605061132696,
      0.022736503305385215,
      0.11083556489014298,
      0.9999866119129461,
      0.0032855359171687433,
      0.06340072663134808
    ],
    "threshold": 0.22833411831834338
  },
  "IWFS": {
    "acc": 0.5714285714285714,
    "accAdj": 0.1428571428571428,
    "auc": 0.5194805194805195,
    "brier": 0.348973038185558,
    "f1": 0.7857142857142858,
    "log": 1.3896356208448428,
    "prob_decision": [
      0.9087341898113226,
      0.9661864018524752,
      0.998988486348433,
      0.36046472250931394,
      0.5126911153647847,
      0.07210863857117678,
      0.10803267090428874,
      0.8553118588215897,
      0.8001589499005032,
      0.7754837781704303,
      0.9673273417865652,
      0.2995261345230956,
      0.9961262112067217,
      0.6394477805308896,
      0.10257567946501245,
      0.9941803451356538,
      0.022402466936865144,
      0.9988013224462436
    ],
    "threshold": 0.07210863857117678
  },
  "JMI": {
    "acc": 0.5714285714285714,
    "accAdj": 0.1428571428571428,
    "auc": 0.5454545454545454,
    "brier": 0.346742887800508,
    "f1": 0.7857142857142858,
    "log": 1.8604660102768105,
    "prob_decision": [
      0.013774760232615329,
      0.12502810395351382,
      0.9789793900890212,
      0.9930757783160472,
      0.22099783345084087,
      0.11006690534709905,
      0.924772775110855,
      0.9982977318154707,
      0.4388479795998959,
      0.9840820952615456,
      0.9999998593348396,
      0.5876430248493367,
      0.5212509966809116,
      0.8372777113589555,
      0.4890919724455227,
      0.9826804896451584,
      0.00693580419423556,
      0.18932932581642556
    ],
    "threshold": 0.013774760232615329
  },
  "MIFS": "Error",
  "MIM": {
    "acc": 0.5714285714285714,
    "accAdj": 0.1428571428571428,
    "auc": 0.49350649350649345,
    "brier": 0.360337631170942,
    "f1": 0.7857142857142858,
    "log": 1.4176731316566697,
    "prob_decision": [
      0.9087341898113226,
      0.9661864018524752,
      0.9985946604993122,
      0.36046472250931394,
      0.5126911153647847,
      0.07210863857117678,
      0.10803267090428874,
      0.6584133653889662,
      0.8001589499005032,
      0.812820689918047,
      0.9673273417865652,
      0.2995261345230956,
      0.9961262112067217,
      0.7301231779214976,
      0.10257567946501245,
      0.9941803451356538,
      0.022402466936865144,
      0.9988013224462436
    ],
    "threshold": 0.07210863857117678
  },
  "MRI": {
    "acc": 0.8116883116883117,
    "accAdj": 0.6233766233766234,
    "auc": 0.6493506493506493,
    "brier": 0.20636977552457444,
    "f1": 0.8695652173913043,
    "log": 1.3208395106247286,
    "prob_decision": [
      0.741930767058769,
      0.9243747991533244,
      0.8385621107477321,
      0.8924002020765254,
      0.08212023667838315,
      0.8975475295722228,
      0.6763306390930537,
      0.9682911539254747,
      0.44768912976972725,
      0.9859154759502272,
      0.999871204214309,
      0.025022460105095488,
      0.5689092901145039,
      0.03768920117818204,
      0.17225673887082385,
      0.99969511102594,
      0.05056086985879028,
      0.0850971595918412
    ],
    "threshold": 0.44768912976972725
  },
  "MRMR": {
    "acc": 0.7662337662337663,
    "accAdj": 0.5324675324675325,
    "auc": 0.6753246753246754,
    "brier": 0.22079929755758343,
    "f1": 0.8181818181818182,
    "log": 0.8092776454406019,
    "prob_decision": [
      0.9962745736203618,
      0.7988266574691147,
      0.9496559286512712,
      0.9843461970337178,
      0.4412573045435382,
      0.7795242480066181,
      0.438745209224847,
      0.7689492977680386,
      0.16219086511841513,
      0.819797367974222,
      0.5433244510867095,
      0.8256558489759529,
      0.7653661479013798,
      0.14084653665820465,
      0.49360165577549264,
      0.9881530172921883,
      0.11446881533419767,
      0.9753650110118804
    ],
    "threshold": 0.7653661479013798
  }
}