{
  "CFR": {
    "acc": 0.5,
    "accAdj": 0.0,
    "auc": 0.0,
    "f1": 0.7586206896551725,
    "prob_decision": [
      1.1212056817844558e-06,
      -1.8093915072485752e-07,
      -1.8108441082445215e-07,
      1.8528984127703555e-06,
      1.0000000428434561,
      1.2028277158777354e-06,
      1.4325071322228091e-06,
      1.011764915136644e-06,
      8.325303216964819e-07,
      3.071185658188906e-07,
      0.9999970489786845,
      7.97694816955356e-08,
      1.1262529805949647e-06,
      0.9999972082398402,
      0.9999976988404579,
      0.9999970052995761,
      0.9999982994788397,
      0.9999965366748285
    ],
    "threshold": -1.8108441082445215e-07
  },
  "CIFE": {
    "acc": 0.5,
    "accAdj": 0.0,
    "auc": 0.0,
    "f1": 0.7586206896551725,
    "prob_decision": [
      2.5994038363241766e-07,
      -3.6957137895525693e-07,
      2.1129520638071962e-07,
      2.667978797329272e-07,
      0.9999972934533127,
      5.480063440529971e-07,
      -4.0152490451549325e-08,
      1.9222872203966104e-07,
      2.3215659987290527e-06,
      7.981396092379897e-07,
      0.9999963993062658,
      -5.181716410503845e-07,
      -6.535544273745238e-08,
      0.9999975285500319,
      0.9999957693498283,
      0.9999975071410976,
      0.9999977533004109,
      0.9999980064533313
    ],
    "threshold": -5.181716410503845e-07
  },
  "MRI": {
    "acc": 0.5,
    "accAdj": 0.0,
    "auc": 0.0,
    "f1": 0.7586206896551725,
    "prob_decision": [
      -6.595216366885128e-07,
      -7.214378876048716e-07,
      -1.8151680156427942e-07,
      -4.5417619721157123e-07,
      0.9999974858693735,
      1.8090381849851541e-06,
      8.749263246576516e-07,
      3.251306182798087e-07,
      7.397421047875855e-07,
      7.83325716591724e-07,
      0.9999983049107477,
      -6.473542654060951e-07,
      3.325653422331192e-08,
      0.9999992608172229,
      0.9999969437928783,
      0.9999978129399915,
      0.999997408470111,
      0.9999960658190372
    ],
    "threshold": -7.214378876048716e-07
  }
}