{
  "acc": 0.5,
  "accAdj": 0.0,
  "auc": 0.31168831168831174,
  "brier": 0.3560556731200933,
  "f1": 0.7586206896551725,
  "log": 0.9334304543289131,
  "prob_decision": [
    0.8111111765213437,
    0.29427611510833057,
    0.3564388314308767,
    0.8111111765213437,
    0.8222223593109481,
    0.2333324746991169,
    0.8111111765213437,
    0.8111111765213437,
    0.3564388314308767,
    0.2333324746991169,
    0.8222223593109481,
    0.8111111765213437,
    0.3564388314308767,
    0.6031560324744283,
    0.6545090701314998,
    0.8222223593109481,
    0.24999852967264533,
    0.6570102303780686
  ],
  "threshold": 0.2333324746991169
}