{
  "f_ratio_measure CFR": {
    "acc": 0.5,
    "accAdj": 0.0,
    "auc": 0.474025974025974,
    "brier": 0.345679012345679,
    "f1": 0.7586206896551725,
    "log": 6.50133835994302,
    "prob_decision": [
      1.0,
      0.25,
      0.75,
      1.0,
      0.3333333333333333,
      0.6666666666666666,
      0.5,
      0.25,
      0.5,
      0.75,
      0.0,
      0.0,
      0.75,
      0.75,
      0.25,
      0.75,
      1.0,
      1.0
    ],
    "threshold": 0.0
  },
  "f_ratio_measure CIFE": {
    "acc": 0.5,
    "accAdj": 0.0,
    "auc": 0.538961038961039,
    "brier": 0.33217592592592593,
    "f1": 0.7586206896551725,
    "log": 6.453391347867724,
    "prob_decision": [
      1.0,
      0.25,
      0.75,
      1.0,
      0.3333333333333333,
      0.75,
      1.0,
      0.25,
      0.5,
      1.0,
      0.3333333333333333,
      0.0,
      1.0,
      0.6666666666666666,
      0.75,
      0.5,
      1.0,
      1.0
    ],
    "threshold": 0.0
  },
  "f_ratio_measure DCSF": {
    "acc": 0.7662337662337663,
    "accAdj": 0.5324675324675325,
    "auc": 0.7922077922077922,
    "brier": 0.1867283950617284,
    "f1": 0.8181818181818182,
    "log": 4.219917099396789,
    "prob_decision": [
      1.0,
      0.5,
      1.0,
      1.0,
      0.3333333333333333,
      1.0,
      0.5,
      1.0,
      1.0,
      1.0,
      0.0,
      1.0,
      1.0,
      0.5,
      0.5,
      0.5,
      1.0,
      1.0
    ],
    "threshold": 1.0
  },
  "f_ratio_measure ICAP": {
    "acc": 0.7207792207792207,
    "accAdj": 0.4415584415584415,
    "auc": 0.6428571428571428,
    "brier": 0.2658179012345679,
    "f1": 0.761904761904762,
    "log": 6.308797476454147,
    "prob_decision": [
      1.0,
      0.25,
      0.75,
      1.0,
      0.3333333333333333,
      0.75,
      1.0,
      0.75,
      0.5,
      1.0,
      0.3333333333333333,
      0.0,
      1.0,
      0.5,
      0.25,
      0.5,
      1.0,
      1.0
    ],
    "threshold": 0.75
  },
  "f_ratio_measure MRI": {
    "acc": 0.5,
    "accAdj": 0.0,
    "auc": 0.6688311688311688,
    "brier": 0.24498456790123457,
    "f1": 0.7586206896551725,
    "log": 2.5161184893171775,
    "prob_decision": [
      1.0,
      0.25,
      0.75,
      1.0,
      0.3333333333333333,
      0.5,
      0.6666666666666666,
      1.0,
      0.5,
      1.0,
      0.0,
      0.0,
      0.5,
      0.5,
      0.3333333333333333,
      0.75,
      0.6666666666666666,
      0.6666666666666666
    ],
    "threshold": 0.0
  },
  "f_ratio_measure MRMR": {
    "acc": 0.7142857142857143,
    "accAdj": 0.4285714285714286,
    "auc": 0.6883116883116883,
    "brier": 0.23186728395061726,
    "f1": 0.846153846153846,
    "log": 6.199816448341733,
    "prob_decision": [
      1.0,
      0.5,
      1.0,
      1.0,
      1.0,
      0.75,
      0.5,
      1.0,
      1.0,
      1.0,
      0.0,
      0.5,
      1.0,
      0.3333333333333333,
      0.0,
      0.5,
      1.0,
      1.0
    ],
    "threshold": 0.5
  },
  "kendall_corr CFR": {
    "acc": 0.5,
    "accAdj": 0.0,
    "auc": 0.48051948051948057,
    "brier": 0.4444444444444444,
    "f1": 0.7586206896551725,
    "log": 16.019401506274292,
    "prob_decision": [
      1.0,
      0.0,
      1.0,
      1.0,
      0.0,
      1.0,
      1.0,
      1.0,
      1.0,
      0.0,
      1.0,
      1.0,
      1.0,
      1.0,
      1.0,
      1.0,
      1.0,
      1.0
    ],
    "threshold": 0.0
  },
  "kendall_corr CIFE": {
    "acc": 0.5,
    "accAdj": 0.0,
    "auc": 0.48051948051948057,
    "brier": 0.4444444444444444,
    "f1": 0.7586206896551725,
    "log": 16.019401506274292,
    "prob_decision": [
      1.0,
      0.0,
      1.0,
      1.0,
      0.0,
      1.0,
      1.0,
      1.0,
      1.0,
      0.0,
      1.0,
      1.0,
      1.0,
      1.0,
      1.0,
      1.0,
      1.0,
      1.0
    ],
    "threshold": 0.0
  },
  "kendall_corr DCSF": {
    "acc": 0.5,
    "accAdj": 0.0,
    "auc": 0.48051948051948057,
    "brier": 0.4444444444444444,
    "f1": 0.7586206896551725,
    "log": 16.019401506274292,
    "prob_decision": [
      1.0,
      0.0,
      1.0,
      1.0,
      0.0,
      1.0,
      1.0,
      1.0,
      1.0,
      0.0,
      1.0,
      1.0,
      1.0,
      1.0,
      1.0,
      1.0,
      1.0,
      1.0
    ],
    "threshold": 0.0
  },
  "kendall_corr ICAP": {
    "acc": 0.5,
    "accAdj": 0.0,
    "auc": 0.48051948051948057,
    "brier": 0.4444444444444444,
    "f1": 0.7586206896551725,
    "log": 16.019401506274292,
    "prob_decision": [
      1.0,
      0.0,
      1.0,
      1.0,
      0.0,
      1.0,
      1.0,
      1.0,
      1.0,
      0.0,
      1.0,
      1.0,
      1.0,
      1.0,
      1.0,
      1.0,
      1.0,
      1.0
    ],
    "threshold": 0.0
  },
  "kendall_corr MRI": {
    "acc": 0.5,
    "accAdj": 0.0,
    "auc": 0.48051948051948057,
    "brier": 0.4444444444444444,
    "f1": 0.7586206896551725,
    "log": 16.019401506274292,
    "prob_decision": [
      1.0,
      0.0,
      1.0,
      1.0,
      0.0,
      1.0,
      1.0,
      1.0,
      1.0,
      0.0,
      1.0,
      1.0,
      1.0,
      1.0,
      1.0,
      1.0,
      1.0,
      1.0
    ],
    "threshold": 0.0
  },
  "kendall_corr MRMR": {
    "acc": 0.5,
    "accAdj": 0.0,
    "auc": 0.48051948051948057,
    "brier": 0.4444444444444444,
    "f1": 0.7586206896551725,
    "log": 16.019401506274292,
    "prob_decision": [
      1.0,
      0.0,
      1.0,
      1.0,
      0.0,
      1.0,
      1.0,
      1.0,
      1.0,
      0.0,
      1.0,
      1.0,
      1.0,
      1.0,
      1.0,
      1.0,
      1.0,
      1.0
    ],
    "threshold": 0.0
  },
  "reliefF_measure CFR": {
    "acc": 0.5,
    "accAdj": 0.0,
    "auc": 0.3116883116883117,
    "brier": 0.4297839506172839,
    "f1": 0.7586206896551725,
    "log": 8.564797564264422,
    "prob_decision": [
      0.25,
      0.5,
      0.6666666666666666,
      0.5,
      0.5,
      0.75,
      0.25,
      1.0,
      0.75,
      1.0,
      1.0,
      0.0,
      0.25,
      0.5,
      1.0,
      0.75,
      0.5,
      1.0
    ],
    "threshold": 0.0
  },
  "reliefF_measure CIFE": {
    "acc": 0.5714285714285714,
    "accAdj": 0.1428571428571428,
    "auc": 0.4220779220779221,
    "brier": 0.34066358024691357,
    "f1": 0.7857142857142858,
    "log": 6.475917187207066,
    "prob_decision": [
      0.3333333333333333,
      0.5,
      0.6666666666666666,
      1.0,
      0.0,
      0.5,
      0.5,
      1.0,
      0.75,
      0.75,
      1.0,
      0.3333333333333333,
      1.0,
      0.75,
      1.0,
      0.5,
      0.6666666666666666,
      1.0
    ],
    "threshold": 0.3333333333333333
  },
  "reliefF_measure DCSF": {
    "acc": 0.5,
    "accAdj": 0.0,
    "auc": 0.23376623376623376,
    "brier": 0.5617283950617283,
    "f1": 0.7586206896551725,
    "log": 16.34344925721492,
    "prob_decision": [
      0.75,
      0.0,
      0.5,
      1.0,
      1.0,
      0.0,
      0.25,
      0.75,
      0.0,
      1.0,
      1.0,
      0.6666666666666666,
      0.0,
      0.5,
      0.75,
      1.0,
      0.5,
      1.0
    ],
    "threshold": 0.0
  },
  "reliefF_measure ICAP": {
    "acc": 0.5,
    "accAdj": 0.0,
    "auc": 0.4285714285714286,
    "brier": 0.41975308641975306,
    "f1": 0.7586206896551725,
    "log": 10.413190045757611,
    "prob_decision": [
      0.6666666666666666,
      0.0,
      0.75,
      0.0,
      0.25,
      0.5,
      0.5,
      0.5,
      0.25,
      0.5,
      1.0,
      0.0,
      1.0,
      0.0,
      0.6666666666666666,
      0.25,
      0.5,
      1.0
    ],
    "threshold": 0.0
  },
  "reliefF_measure MRI": {
    "acc": 0.5,
    "accAdj": 0.0,
    "auc": 0.5064935064935064,
    "brier": 0.3263888888888889,
    "f1": 0.7586206896551725,
    "log": 6.437409010509291,
    "prob_decision": [
      0.5,
      0.5,
      0.6666666666666666,
      1.0,
      0.25,
      1.0,
      0.5,
      1.0,
      0.5,
      1.0,
      1.0,
      0.0,
      1.0,
      0.5,
      1.0,
      0.6666666666666666,
      0.6666666666666666,
      0.75
    ],