{
  "CFR": {
    "acc": 0.8116883116883117,
    "accAdj": 0.6233766233766234,
    "auc": 0.7922077922077922,
    "brier": 0.18842580802830464,
    "f1": 0.8695652173913043,
    "log": 0.6288605286252416,
    "prob_decision": [
      0.9971261901113573,
      0.8107608237288196,
      0.0275275547399863,
      0.9995651938545593,
      0.6090286283549556,
      0.5858031483659845,
      0.7034484316523152,
      0.8634294101364732,
      0.5060720896153073,
      0.9528241435315538,
      0.07719529770448066,
      0.3385402657929669,
      0.627283422029373,
      0.1972943171415552,
      0.08406546541467257,
      0.9404060229837741,
      0.007874228775338934,
      0.04537717636835782
    ],
    "threshold": 0.3385402657929669
  },
  "CIFE": {
    "acc": 0.7402597402597402,
    "accAdj": 0.48051948051948035,
    "auc": 0.6753246753246753,
    "brier": 0.20768844941506254,
    "f1": 0.8333333333333333,
    "log": 1.1713528235478208,
    "prob_decision": [
      0.9591267902608284,
      0.6949895538290806,
      0.9437857190524314,
      0.9778440364255427,
      0.8724779170286262,
      0.8715696611152306,
      0.9717089852451583,
      0.22211036964906072,
      0.8527267207859337,
      0.8382131906312571,
      0.9999970428171592,
      0.5477924089249885,
      0.9339972196024493,
      0.22880357195054696,
      0.07329058109442867,
      0.9063679689412791,
      0.0004310450400828914,
      0.3471054974565759
    ],
    "threshold": 0.5477924089249885
  },
  "CMIM": {
    "acc": 0.6428571428571428,
    "accAdj": 0.2857142857142856,
    "auc": 0.6493506493506493,
    "brier": 0.345813932339298,
    "f1": 0.8148148148148148,
    "log": 1.2437373432265932,
    "prob_decision": [
      0.020812012517432657,
      0.9952337239538498,
      0.6982614725747027,
      0.9934785774049222,
      0.9092328848660433,
      0.08688290570093869,
      0.014035575785072986,
      0.9667539050885497,
      0.04619452376951774,
      0.9194716639187454,
      0.978514261815546,
      0.30782180625933203,
      0.9998871021925424,
      0.15083484081015974,
      3.4789144616043305e-08,
      0.20139386909206305,
      7.69970361099465e-06,
      0.35337048851877223
    ],
    "threshold": 0.014035575785072986
  },
  "DCSF": {
    "acc": 0.5714285714285714,
    "accAdj": 0.1428571428571428,
    "auc": 0.4415584415584416,
    "brier": 0.3845853051771997,
    "f1": 0.7857142857142858,
    "log": 1.12294385009098,
    "prob_decision": [
      0.49299056684818354,
      0.7247169719383674,
      0.9818520320827513,
      0.9423694770451027,
      0.27551994950392367,
      0.5586129777610775,
      0.7581321590163087,
      0.30173642471639855,
      0.2484163690598246,
      0.14115136980834048,
      0.4737096818377811,
      0.38634919995557826,
      0.10711875995634354,
      0.6442090504543305,
      0.9280994979850331,
      0.9507766381983785,
      0.020654753819937564,
      0.9422095967326152
    ],
    "threshold": 0.10711875995634354
  },
  "ICAP": {
    "acc": 0.7662337662337663,
    "accAdj": 0.5324675324675325,
    "auc": 0.7012987012987013,
    "brier": 0.21594452924148097,
    "f1": 0.8181818181818182,
    "log": 1.067435518919372,
    "prob_decision": [
      0.980509636078229,
      0.6033950128533556,
      0.8766666045673687,
      0.9778440364255427,
      0.556651790791172,
      0.8221241557684263,
      0.9902098875558483,
      0.1339325744863603,
      0.8406661899033647,
      0.8977469304644801,
      0.9999763612047428,
      0.2040207168989091,
      0.9426752210833488,
      0.2807596565730898,
      0.05883868111626523,
      0.8897837104528893,
      0.006646073179846108,
      0.27430354831581255
    ],
    "threshold": 0.6033950128533556
  },
  "IWFS": {
    "acc": 0.5714285714285714,
    "accAdj": 0.1428571428571428,
    "auc": 0.37662337662337664,
    "brier": 0.5240339792504769,
    "f1": 0.7857142857142858,
    "log": 2.2464077335721893,
    "prob_decision": [
      0.020812012517432657,
      0.9758803309471876,
      0.6982614725747027,
      0.9539984245282807,
      0.9092328848660433,
      0.08688290570093869,
      0.005812304836346966,
      0.2847573981296745,
      0.037282101552963534,
      0.9538908527907713,
      0.974120742447764,
      0.4754011356590187,
      0.9999350411491597,
      0.946113575757786,
      0.4256697220992721,
      0.9953342083331349,
      7.69970361099465e-06,
      0.9997535965990261
    ],
    "threshold": 0.005812304836346966
  },
  "JMI": {
    "acc": 0.5,
    "accAdj": 0.0,
    "auc": 0.44155844155844154,
    "brier": 0.38952422214741905,
    "f1": 0.7586206896551725,
    "log": 2.414655216666986,
    "prob_decision": [
      0.8531098609921846,
      0.3170024269568923,
      0.9695952531927399,
      0.8495661872262021,
      0.8261873886324306,
      0.7690263999398018,
      0.9097055862912494,
      0.9668444137240545,
      0.3227882553238279,
      0.9961817002437989,
      0.9999422036528433,
      0.025970652166644435,
      0.0008300760677227322,
      0.9999993371605392,
      0.6822376381689814,
      0.9247365846212195,
      0.045055289204247846,
      0.16256997685463873
    ],
    "threshold": 0.0008300760677227322
  },
  "MIFS": "Error",
  "MIM": {
    "acc": 0.5714285714285714,
    "accAdj": 0.1428571428571428,
    "auc": 0.35064935064935066,
    "brier": 0.5535855684179755,
    "f1": 0.7857142857142858,
    "log": 2.4943402101668997,
    "prob_decision": [
      0.020812012517432657,
      0.9758803309471876,
      0.6982614725747027,
      0.9931309782494927,
      0.9092328848660433,
      0.08688290570093869,
      0.005812304836346966,
      0.004028353226165162,
      0.037282101552963534,
      0.571737869946478,
      0.974120742447764,
      0.40664463450324595,
      0.9999350411491597,
      0.8269527682550961,
      0.4256697220992721,
      0.9990353574105136,
      7.69970361099465e-06,
      0.99943324795568
    ],
    "threshold": 0.004028353226165162
  },
  "MRI": {
    "acc": 0.7402597402597402,
    "accAdj": 0.48051948051948035,
    "auc": 0.6493506493506493,
    "brier": 0.24061068369835115,
    "f1": 0.8333333333333333,
    "log": 1.3290791657969108,
    "prob_decision": [
      0.9296564448680686,
      0.3935266333512419,
      0.039334375332826015,
      0.9990205772454909,
      0.18346802974519918,
      0.7385521253886256,
      0.9910485031737739,
      0.8131578286251365,
      0.5125094963594696,
      0.948952440388555,
      0.9999682876975302,
      0.3408417527449194,
      0.959132390303283,
      0.24959326792538536,
      0.397870982388148,
      0.9971947719717337,
      0.0039632536632971125,
      0.08359840505343308
    ],
    "threshold": 0.3408417527449194
  },
  "MRMR": {
    "acc": 0.5974025974025974,
    "accAdj": 0.19480519480519476,
    "auc": 0.4155844155844156,
    "brier": 0.318013665750147,
    "f1": 0.7692307692307692,
    "log": 1.185497981929811,
    "prob_decision": [
      0.9825324342640944,
      0.7322368259052443,
      0.9022294969744852,
      0.8958309327009307,
      0.7551403683617223,
      0.18994100473698616,
      0.930373104338067,
      0.58293779092406,
      0.4475606356912639,
      0.7879836787956054,
      0.2818491040483197,
      0.722250108576528,
      0.8295908451126738,
      0.9772180529226931,
      0.9895231514796323,
      0.8090820395850361,
      0.34394169797299484,
      0.9918810119017542
    ],
    "threshold": 0.4475606356912639
  }
}