{
  "CFR": {
    "acc": 0.7662337662337663,
    "accAdj": 0.5324675324675325,
    "auc": 0.7142857142857143,
    "brier": 0.22782940302295313,
    "f1": 0.8181818181818182,
    "log": 2.870240023619324,
    "prob_decision": [
      1.0,
      0.019626552557520435,
      1.897821537354902e-06,
      0.9999999886474363,
      0.023621355607062907,
      0.9603809198345986,
      0.9626912552036178,
      0.9611828131651637,
      0.9911344045493253,
      0.12703553773941306,
      0.38778632389747486,
      0.5393860320667566,
      0.9610554207031221,
      0.0006764499988244408,
      0.049318925546377484,
      0.045712882433853595,
      0.06361150625567559,
      0.9999999999999667
    ],
    "threshold": 0.12703553773941306
  },
  "CIFE": {
    "acc": 0.5714285714285714,
    "accAdj": 0.1428571428571428,
    "auc": 0.6493506493506495,
    "brier": 0.3086311857407879,
    "f1": 0.7857142857142858,
    "log": 1.6307860237698395,
    "prob_decision": [
      0.001576860770195531,
      0.041903525274747326,
      0.9999999998594191,
      0.9999999886474363,
      0.9981953014524482,
      0.4879143264783554,
      0.6395977028148058,
      0.009655967927936392,
      0.9911344045493253,
      0.7231348869070977,
      0.38778632389747486,
      0.9343412213244271,
      0.9999790789759496,
      0.0008541346180569865,
      0.02658453655802136,
      0.045712882433853595,
      0.200778818504287,
      0.9983664367159962
    ],
    "threshold": 0.001576860770195531
  },
  "DCSF": {
    "acc": 0.7142857142857143,
    "accAdj": 0.4285714285714286,
    "auc": 0.5844155844155844,
    "brier": 0.3853598649030481,
    "f1": 0.846153846153846,
    "log": 4.8675047001578555,
    "prob_decision": [
      0.47694337277618115,
      0.004412914307127489,
      0.13247336911763904,
      0.8702781860791514,
      1.0,
      0.0702771934123012,
      0.01797480036364697,
      0.9995577626372314,
      0.04427824588428052,
      0.7588107031369404,
      2.4323449273938775e-05,
      0.8590142217852895,
      0.9994856602672589,
      0.00018018272093991495,
      8.160800665968444e-05,
      0.9999999999999929,
      0.2285413913962342,
      0.1726918885719303
    ],
    "threshold": 0.004412914307127489
  },
  "ICAP": {
    "acc": 0.7922077922077921,
    "accAdj": 0.5844155844155843,
    "auc": 0.7532467532467533,
    "brier": 0.21435421100142207,
    "f1": 0.7999999999999999,
    "log": 1.1519380507128927,
    "prob_decision": [
      0.001576860770195531,
      0.3425313501185898,
      0.9999999998594191,
      0.9999999886474363,
      0.023621355607062876,
      0.0009869715418969376,
      0.9483016110402658,
      0.009655967927936392,
      0.9911344045493253,
      0.995235138472282,
      0.38778632389747486,
      0.5010088849430668,
      0.9999790789759496,
      0.0008541346180569865,
      0.05569532619855492,
      0.045712882433853595,
      0.200778818504287,
      0.04740056146867321
    ],
    "threshold": 0.3425313501185898
  },
  "MRI": {
    "acc": 0.8571428571428572,
    "accAdj": 0.7142857142857144,
    "auc": 0.961038961038961,
    "brier": 0.11231159644575703,
    "f1": 0.9166666666666666,
    "log": 0.3422867282102204,
    "prob_decision": [
      1.0,
      0.08047300621323122,
      0.9998640294943298,
      0.9999999886474363,
      0.023621355607062876,
      0.4879143264783554,
      0.7624649968483007,
      0.9996693393147753,
      0.9911344045493253,
      0.8982684931681212,
      0.38778632389747486,
      0.1828230046038207,
      0.9999790789759496,
      0.0006764499988244408,
      0.13572740360755137,
      0.045712882433853595,
      0.0610187034853175,
      0.06361150625567559
    ],
    "threshold": 0.08047300621323122
  },
  "MRMR": {
    "acc": 0.8376623376623377,
    "accAdj": 0.6753246753246753,
    "auc": 0.7532467532467533,
    "brier": 0.1862085397394975,
    "f1": 0.8571428571428572,
    "log": 1.2730233030414568,
    "prob_decision": [
      0.9940696800387466,
      0.9940696800387466,
      0.9999999999998956,
      0.9940696800387466,
      0.09256195245702988,
      0.9940696800387466,
      0.9940696800387466,
      0.0004981815887077722,
      0.40937994232361624,
      0.9659636363654591,
      0.007543970070119608,
      0.00940782597413475,
      0.9994856602672589,
      0.0021766751563057985,
      0.007543970070119608,
      0.06496654445424634,
      0.9999178454234517,
      0.09256195245702988
    ],
    "threshold": 0.40937994232361624
  }
}