{
  "acc": 0.5,
  "accAdj": 0.0,
  "auc": 0.0,
  "f1": 0.7586206896551725,
  "prob_decision": [
    1.6804796988882293e-06,
    2.1525622878849822e-07,
    1.20734468692659e-06,
    2.0982230260876747e-06,
    0.9999951959260277,
    1.0604961049836222e-06,
    1.2839690742476516e-06,
    2.0307051164649027e-06,
    1.2167935240815946e-06,
    1.3085392867907388e-06,
    0.9999954674129341,
    2.8211375402867585e-06,
    1.0919557243882926e-06,
    0.9999944384683074,
    0.9999948525755087,
    0.99999506752975,
    0.9999936875792748,
    0.9999945530357174
  ],
  "threshold": 2.1525622878849822e-07
}