{
  "_original_firstorder_": {
    "acc": 0.5714285714285714,
    "accAdj": 0.1428571428571428,
    "auc": 0.6103896103896105,
    "brier": 0.23437739136416688,
    "f1": 0.7857142857142858,
    "log": 0.661186396595668,
    "threshold": 0.49853497749033904
  },
  "_original_firstorder_;_wavelet-LLL_firstorder_": {
    "acc": 0.5714285714285714,
    "accAdj": 0.1428571428571428,
    "auc": 0.6363636363636362,
    "brier": 0.22210679713361345,
    "f1": 0.7857142857142858,
    "log": 0.6345993411698716,
    "threshold": 0.4482253317663278
  },
  "_wavelet-LLL_firstorder_": {
    "acc": 0.5714285714285714,
    "accAdj": 0.1428571428571428,
    "auc": 0.6233766233766234,
    "brier": 0.2335981714500307,
    "f1": 0.7857142857142858,
    "log": 0.6593801108033197,
    "threshold": 0.48876955786633014
  }
}