{
  "CFR": {
    "acc": 0.7857142857142857,
    "accAdj": 0.5714285714285714,
    "auc": 0.7792207792207791,
    "brier": 0.2050018448523629,
    "f1": 0.88,
    "log": 0.8762130559452523,
    "prob_decision": [
      0.9727351712924613,
      0.5557587185830138,
      0.9191187907686087,
      0.9433815975347989,
      0.024459920045659833,
      0.8883458369719939,
      0.6380229142150177,
      0.9486314883263118,
      0.24581278543908922,
      0.9990210479569738,
      0.24859898792158472,
      0.12893010036428706,
      0.07653792649810567,
      0.07199447208941066,
      0.2959562343006275,
      0.9994884982197194,
      0.029535321672916014,
      0.026313522630052284
    ],
    "threshold": 0.07653792649810567
  },
  "CIFE": {
    "acc": 0.7402597402597402,
    "accAdj": 0.48051948051948035,
    "auc": 0.6623376623376623,
    "brier": 0.267784409203096,
    "f1": 0.8333333333333333,
    "log": 1.1314863270328486,
    "prob_decision": [
      0.9589178327201411,
      0.8226997640583048,
      0.7993760033314,
      0.9583376765328423,
      0.12803043995031915,
      0.7583118639700508,
      0.027094664528715694,
      0.7570712175627784,
      0.2663358434901329,
      0.994892896980879,
      0.9978408208026184,
      0.21417556448850647,
      0.3317097806242592,
      0.017587801880226663,
      0.2732047511719595,
      0.9935390456336246,
      0.004300720428387003,
      0.06671234374835594
    ],
    "threshold": 0.21417556448850647
  },
  "MRI": {
    "acc": 0.8116883116883117,
    "accAdj": 0.6233766233766234,
    "auc": 0.6623376623376623,
    "brier": 0.2148325107469553,
    "f1": 0.8695652173913043,
    "log": 1.3025917153459516,
    "prob_decision": [
      0.7674083550986741,
      0.9296635674878795,
      0.8071091269397287,
      0.909022514996144,
      0.0699337105094753,
      0.9066831368691721,
      0.6711385814228114,
      0.9742348313317495,
      0.44768912976972725,
      0.9859154759502272,
      0.999871204214309,
      0.03460560099001028,
      0.42057266378375713,
      0.031223598422091263,
      0.22902844307898793,
      0.9995647746205192,
      0.04779465886227696,
      0.1117559334738953
    ],
    "threshold": 0.42057266378375713
  }
}