{
  "_gradient_.*Kurtosis$": {
    "acc": 0.9166666666666667,
    "accAdj": 0.8333333333333335,
    "auc": 0.9166666666666667,
    "brier": 0.15995999911434883,
    "f1": 0.9090909090909091,
    "log": 0.4996928568126454,
    "threshold": 0.5552657990520803
  },
  "_gradient_.*Kurtosis$;_wavelet-HHL_.*DifferenceEntropy$": {
    "acc": 0.9166666666666667,
    "accAdj": 0.8333333333333335,
    "auc": 0.875,
    "brier": 0.2068656084787813,
    "f1": 0.9090909090909091,
    "log": 0.5902618223641155,
    "threshold": 0.7520870568093138
  },
  "_gradient_.*Kurtosis$;_wavelet-HHL_.*DifferenceEntropy$;_wavelet-HHL_.*DifferenceVariance$": {
    "acc": 0.9166666666666667,
    "accAdj": 0.8333333333333335,
    "auc": 0.875,
    "brier": 0.1960028801317322,
    "f1": 0.9090909090909091,
    "log": 0.5659392076701458,
    "threshold": 0.7338936462067084
  },
  "_gradient_.*Kurtosis$;_wavelet-HHL_.*DifferenceVariance$": {
    "acc": 0.9166666666666667,
    "accAdj": 0.8333333333333335,
    "auc": 0.875,
    "brier": 0.20487815280903038,
    "f1": 0.9090909090909091,
    "log": 0.5860931179453789,
    "threshold": 0.7196066811256467
  },
  "_wavelet-HHL_.*DifferenceEntropy$": {
    "acc": 0.9166666666666667,
    "accAdj": 0.8333333333333335,
    "auc": 0.875,
    "brier": 0.19043206991392989,
    "f1": 0.9090909090909091,
    "log": 0.5545168686343829,
    "threshold": 0.7464658182212488
  },
  "_wavelet-HHL_.*DifferenceEntropy$;_wavelet-HHL_.*DifferenceVariance$": {
    "acc": 0.9166666666666667,
    "accAdj": 0.8333333333333335,
    "auc": 0.875,
    "brier": 0.19244930670329569,
    "f1": 0.9090909090909091,
    "log": 0.5588057708341545,
    "threshold": 0.7302874711140127
  },
  "_wavelet-HHL_.*DifferenceVariance$": {
    "acc": 0.9166666666666667,
    "accAdj": 0.8333333333333335,
    "auc": 0.875,
    "brier": 0.19182999032071235,
    "f1": 0.9090909090909091,
    "log": 0.5576655757597486,
    "threshold": 0.7129628370078884
  }
}