{
  "CFR": {
    "acc": 0.6428571428571428,
    "accAdj": 0.2857142857142856,
    "auc": 0.7402597402597403,
    "brier": 0.23170169782487873,
    "f1": 0.8148148148148148,
    "log": 1.8263807816910262,
    "prob_decision": [
      0.9999272958805746,
      0.9798123077514023,
      0.9998724827213828,
      0.9980793903198041,
      0.01851910702270585,
      0.8664242827263141,
      0.662864615165059,
      0.9996189749660006,
      0.03408008395626336,
      0.9999993442419756,
      0.2435551734970409,
      0.00253706157251635,
      0.002033713583822716,
      0.0020796115939148616,
      0.23490392570418536,
      0.999999905609926,
      9.98417891841896e-06,
      0.00021368442696921184
    ],
    "threshold": 0.002033713583822716
  },
  "CIFE": {
    "acc": 0.7402597402597402,
    "accAdj": 0.48051948051948035,
    "auc": 0.7012987012987013,
    "brier": 0.2733991533218262,
    "f1": 0.8333333333333333,
    "log": 1.4420549741031445,
    "prob_decision": [
      0.9997766626056412,
      0.9810004441651128,
      0.9928170543035454,
      0.9885615561610988,
      0.0166152246813859,
      0.7643575638170945,
      0.004791743065502337,
      0.8207076071386401,
      0.030075605562000132,
      0.9999998521447057,
      0.9965865611512214,
      0.2553322963812204,
      0.45339714986771945,
      0.00023405691752053433,
      0.23490392570418533,
      0.9997905032761121,
      1.512532496804218e-06,
      0.015776721427985103
    ],
    "threshold": 0.030075605562000132
  },
  "CMIM": {
    "acc": 0.5714285714285714,
    "accAdj": 0.1428571428571428,
    "auc": 0.6753246753246753,
    "brier": 0.3531814129691824,
    "f1": 0.7857142857142858,
    "log": 1.377410178806764,
    "prob_decision": [
      0.9929425418900815,
      0.9652422533416308,
      0.9999999985996599,
      0.7480951262625587,
      0.48820893967317425,
      0.37156784735291204,
      0.012250660656714416,
      0.9983112404026152,
      0.968854327923039,
      0.9996586740376165,
      0.922552859343862,
      0.011560543398888784,
      0.9991403467219673,
      0.9510375796104591,
      0.12658348994780236,
      0.9830371130164397,
      7.818388160545498e-06,
      0.9837071929146859
    ],
    "threshold": 0.011560543398888784
  },
  "DCSF": {
    "acc": 0.6428571428571428,
    "accAdj": 0.2857142857142856,
    "auc": 0.7142857142857142,
    "brier": 0.24789154893169896,
    "f1": 0.8148148148148148,
    "log": 1.3295173803970708,
    "prob_decision": [
      0.999989112188444,
      0.8729718702111159,
      0.9996188447529403,
      0.9999848942172163,
      0.626916920184516,
      0.8644407222778834,
      0.5468927850436806,
      0.99832802938118,
      0.009202191085355313,
      0.9989468895947354,
      3.949396161715666e-05,
      0.9911041726579526,
      0.24367768745709006,
      0.10780552686560851,
      0.5620414277590332,
      0.9736157619978595,
      0.0005259157087991584,
      0.9999884956246055
    ],
    "threshold": 0.009202191085355313
  },
  "ICAP": {
    "acc": 0.7402597402597402,
    "accAdj": 0.48051948051948035,
    "auc": 0.6883116883116883,
    "brier": 0.29520633096357113,
    "f1": 0.8333333333333333,
    "log": 2.0227164099176496,
    "prob_decision": [
      0.9997766626056412,
      0.9810004441651128,
      0.9928170543035454,
      0.9885615561610988,
      0.016615224681385887,
      0.33229025718658306,
      0.0038871479229897073,
      0.8207076071386401,
      0.030075605562000132,
      0.9999999603437115,
      0.9965865611512214,
      0.2553322963812204,
      0.45339714986771945,
      0.0002340569175205414,
      0.23490392570418533,
      0.9999999828361951,
      1.5125324968042341e-06,
      0.015776721427984967
    ],
    "threshold": 0.030075605562000132
  },
  "IWFS": {
    "acc": 0.6428571428571428,
    "accAdj": 0.2857142857142856,
    "auc": 0.6493506493506493,
    "brier": 0.26623395320905474,
    "f1": 0.8148148148148148,
    "log": 1.218772666297591,
    "prob_decision": [
      0.9929425418900815,
      0.9971282155414758,
      0.9999999967040558,
      0.5704484331737137,
      0.48820893967317425,
      0.37156784735291204,
      0.10783215814024076,
      0.8724482159558716,
      0.9701718936062883,
      0.9868705765645077,
      0.8789675880762519,
      0.7442691435531892,
      0.9987713598010052,
      0.5884222368233769,
      0.05263638002097179,
      0.9870198767471269,
      7.818388160545498e-06,
      0.9999326206800213
    ],
    "threshold": 0.10783215814024076
  },
  "JMI": {
    "acc": 0.6948051948051948,
    "accAdj": 0.3896103896103895,
    "auc": 0.5844155844155845,
    "brier": 0.34654919053028105,
    "f1": 0.7826086956521738,
    "log": 3.8948284018119264,
    "prob_decision": [
      3.578455450354886e-05,
      0.05686549758870613,
      0.9947515431259455,
      0.9999707582464658,
      0.04454793969156919,
      0.2700801062267718,
      0.9996791270077968,
      0.999999847335707,
      0.4652965496820502,
      0.9999894721167396,
      1.0,
      0.2934204220156858,
      0.9827039153123975,
      0.9992589810905973,
      0.16152154098957686,
      0.9999602030415636,
      0.012805516291625735,
      0.05920594981126228
    ],
    "threshold": 0.2700801062267718
  },
  "MIFS": "Error",
  "MIM": {
    "acc": 0.6428571428571428,
    "accAdj": 0.2857142857142856,
    "auc": 0.6233766233766234,
    "brier": 0.28945741697363786,
    "f1": 0.8148148148148148,
    "log": 1.2772080323202366,
    "prob_decision": [
      0.9929425418900815,
      0.9971282155414758,
      0.9999999985996599,
      0.5704484331737137,
      0.48820893967317425,
      0.37156784735291204,
      0.10783215814024076,
      0.5987454864135138,
      0.9701718936062883,
      0.9686828997125917,
      0.8789675880762519,
      0.7442691435531892,
      0.9987713598010052,
      0.7865869122222751,
      0.05263638002097179,
      0.9870198767471269,
      7.818388160545498e-06,
      0.9999326206800213
    ],
    "threshold": 0.10783215814024076
  },
  "MRI": {
    "acc": 0.7402597402597402,
    "accAdj": 0.48051948051948035,
    "auc": 0.6493506493506493,
    "brier": 0.2165914864168439,
    "f1": 0.8333333333333333,
    "log": 1.8959986409612846,
    "prob_decision": [
      0.9969509798275169,
      0.9985325095013788,
      0.992445009507208,
      0.9807648220752082,
      0.05854106000048464,
      0.9893094386465716,
      0.7431250503044701,
      0.9997467820749303,
      0.17098436686780746,
      0.9987388002052505,
      0.9996484442562769,
      0.0001051086098289043,
      0.7048121405652986,
      0.00034682985021926993,
      0.23490392570418547,
      0.999999336322397,
      0.0002337657563702265,
      0.003492421094864017
    ],
    "threshold": 0.17098436686780746
  },
  "MRMR": {
    "acc": 0.7662337662337663,
    "accAdj": 0.5324675324675325,
    "auc": 0.7792207792207793,
    "brier": 0.21653284228925798,
    "f1": 0.8181818181818182,
    "log": 0.9807053880453973,
    "prob_decision": [
      0.9999790216144823,
      0.9980535759839193,
      0.9997553481309519,
      0.9999690504002684,
      0.6333251888205805,
      0.9580545741797666,
      0.4780168106894276,
      0.9631707058651376,
      0.4792307126022439,
      0.9998598312499473,
      0.8104067618164955,
      0.9949441336728715,
      0.9970056248446999,
      0.026352336603038175,
      0.5586725462989405,
      0.9903568352968231,
      0.0033897394961239745,
      0.9996410965051948
    ],
    "threshold": 0.9580545741797666
  }
}