{
  "f_ratio_measure CFR": {
    "acc": 0.5974025974025974,
    "accAdj": 0.19480519480519476,
    "auc": 0.5974025974025974,
    "f1": 0.7692307692307692,
    "prob_decision": [
      -0.9999962343297923,
      -0.9999954090509655,
      -0.9999969011627812,
      -0.9999960723560694,
      -0.999993365563485,
      -0.9999945131865721,
      -0.9999954129144772,
      -0.9999927684070814,
      -0.9999959716099924,
      -0.9999934848533021,
      -0.9999963247188003,
      -0.9999954353382781,
      -0.9999965269735164,
      -0.9999956656737902,
      -0.9999966226390127,
      -0.9999960427890466,
      -0.9999948175132581,
      -0.9999966789620023
    ],
    "threshold": -0.9999965269735164
  },
  "f_ratio_measure CIFE": {
    "acc": 0.8116883116883117,
    "accAdj": 0.6233766233766234,
    "auc": 0.8051948051948052,
    "f1": 0.8695652173913043,
    "prob_decision": [
      -0.9999950913263158,
      -0.9999944508135088,
      -0.9999948871775722,
      -0.9999944961446933,
      -0.9999959578766452,
      -0.9999957410261181,
      -0.9999931239619667,
      -0.9999942419779638,
      -0.9999971740671593,
      -0.9999953547222404,
      -0.999996221512651,
      -0.9999956857645617,
      -0.9999949977919028,
      -0.9999959103128456,
      -0.9999975085685094,
      -0.9999967181941941,
      -0.9999945820747655,
      -0.9999952740569383
    ],
    "threshold": -0.9999957410261181
  },
  "f_ratio_measure DCSF": {
    "acc": 0.6428571428571428,
    "accAdj": 0.2857142857142856,
    "auc": 0.7272727272727273,
    "f1": 0.8148148148148148,
    "prob_decision": [
      -0.9999923845758991,
      -0.9999926398352804,
      -0.999994012539745,
      -0.9999914244108341,
      -0.9999966315756553,
      -0.9999953121420925,
      -0.9999926655755808,
      -0.9999910736619567,
      -0.9999958927719917,
      -0.9999945430827328,
      -0.9999947428770197,
      -0.9999935577632555,
      -0.9999920266397044,
      -0.9999971048908414,
      -0.9999942471892245,
      -0.9999957330545278,
      -0.9999934951619801,
      -0.9999911234148265
    ],
    "threshold": -0.9999958927719917
  },
  "f_ratio_measure ICAP": {
    "acc": 0.7402597402597402,
    "accAdj": 0.48051948051948035,
    "auc": 0.7532467532467533,
    "f1": 0.8333333333333333,
    "prob_decision": [
      -0.9999950913263158,
      -0.9999944835698955,
      -0.9999949559327367,
      -0.9999945677113783,
      -0.9999959578766452,
      -0.9999957410261181,
      -0.9999931239619667,
      -0.9999931681985332,
      -0.9999971740671593,
      -0.9999953547222404,
      -0.999996221512651,
      -0.9999944702883314,
      -0.9999949977919028,
      -0.9999952335308674,
      -0.9999968634376456,
      -0.9999967181941941,
      -0.9999945820747655,
      -0.9999948306075568
    ],
    "threshold": -0.9999957410261181
  },
  "f_ratio_measure MRI": {
    "acc": 0.5714285714285714,
    "accAdj": 0.1428571428571428,
    "auc": 0.5454545454545454,
    "f1": 0.7857142857142858,
    "prob_decision": [
      -0.9999967259133818,
      -0.9999952692940176,
      -0.9999955143890118,
      -0.9999964854167354,
      -0.999993365563485,
      -0.999994820598139,
      -0.9999955426889108,
      -0.999993880659793,
      -0.9999971554553073,
      -0.9999950629018575,
      -0.9999972623059105,
      -0.9999964591235627,
      -0.9999955421961958,
      -0.9999951865761911,
      -0.9999966592413053,
      -0.9999965169682303,
      -0.9999950667133335,
      -0.9999962302323255
    ],
    "threshold": -0.9999971554553073
  },
  "f_ratio_measure MRMR": {
    "acc": 0.8116883116883117,
    "accAdj": 0.6233766233766234,
    "auc": 0.8051948051948052,
    "f1": 0.8695652173913043,
    "prob_decision": [
      -0.9999901139662698,
      -0.9999926633823776,
      -0.999994091922384,
      -0.9999922263004568,
      -0.9999979898142466,
      -0.9999933638731568,
      -0.9999897353629928,
      -0.9999914035511024,
      -0.9999954233141822,
      -0.999993511843297,
      -0.9999951176187054,
      -0.9999907462839366,
      -0.9999874717371292,
      -0.999994448351942,
      -0.9999945712503957,
      -0.9999961594450288,
      -0.999993996041984,
      -0.9999889285579107
    ],
    "threshold": -0.999994091922384
  },
  "kendall_corr CFR": "Error",
  "kendall_corr CIFE": {
    "acc": 0.5714285714285714,
    "accAdj": 0.1428571428571428,
    "auc": 0.6753246753246753,
    "f1": 0.7857142857142858,
    "prob_decision": [
      -0.9999900954258282,
      -0.9999938300903592,
      -0.9999900788122493,
      -0.9999897222357812,
      -0.9999920721583331,
      -0.9999916853290586,
      -0.9999892023766819,
      -0.9999908486552481,
      -0.9999907036316528,
      -0.9999924683229702,
      -0.99999226533745,
      -0.9999931401418044,
      -0.9999903690547002,
      -0.999990793971197,
      -0.9999910615430516,
      -0.9999905251322379,
      -0.9999943418182504,
      -0.9999915210086042
    ],
    "threshold": -0.9999938300903592
  },
  "kendall_corr DCSF": "Error",
  "kendall_corr ICAP": "Error",
  "kendall_corr MRI": "Error",
  "kendall_corr MRMR": {
    "acc": 0.5,
    "accAdj": 0.0,
    "auc": 0.37662337662337664,
    "f1": 0.7586206896551725,
    "prob_decision": [
      -0.9999884305120665,
      -0.9999928350164473,
      -0.9999891117191672,
      -0.9999887348217552,
      -0.9999902827946237,
      -0.9999926107339948,
      -0.9999889038273381,
      -0.9999915128306225,
      -0.9999905756868964,
      -0.9999928830437567,
      -0.9999913086938075,
      -0.9999907919985793,
      -0.9999915494230959,
      -0.9999916027255336,
      -0.999988949505252,
      -0.9999895054264359,
      -0.9999893619639454,
      -0.9999860993116133
    ],
    "threshold": -0.9999928830437567
  },
  "reliefF_measure CFR": "Error",
  "reliefF_measure CIFE": "Error",
  "reliefF_measure DCSF": "Error",
  "reliefF_measure ICAP": "Error",
  "reliefF_measure MRI": "Error",
  "reliefF_measure MRMR": "Error",
  "spearman_corr CFR": {
    "acc": 0.5,
    "accAdj": 0.0,
    "auc": 0.29870129870129875,
    "f1": 0.7586206896551725,
    "prob_decision": [
      -0.9999926099709807,
      -0.9999925641222938,
      -0.9999954534417609,
      -0.9999934172971375,
      -0.9999919130284582,
      -0.9999942245555108,
      -0.9999931210313927,
      -0.9999962090828033,
      -0.9999988427219174,
      -0.9999933920619966,
      -0.9999938323716347,
      -0.9999950878799406,
      -0.99999525883002,
      -0.9999919500504216,
      -0.9999918032493923,
      -0.9999957403895343,
      -0.9999950155203228,
      -0.9999931928163662
    ],
    "threshold": -0.9999988427219174
  },
  "spearman_corr CIFE": {
    "acc": 0.5,
    "accAdj": 0.0,
    "auc": 0.2987012987012987,
    "f1": 0.7586206896551725,
    "prob_decision": [
      -0.9999950222337602,
      -0.9999955093321083,
      -0.9999954280686164,
      -0.9999936341625969,
      -0.9999940716120989,
      -0.9999944570147637,
      -0.9999934707995355,
      -0.9999944914181657,
      -0.9999965198597772,
      -0.9999959814655032,
      -0.9999938766992865,
      -0.9999959203741189,
      -0.9999931601993959,
      -0.9999950928494209,
      -0.9999937567942102,
      -0.9999917375389029,
      -0.9999947906528005,
      -0.9999940137403445
    ],
    "threshold": -0.9999965198597772
  },
  "spearman_corr DCSF": {
    "acc": 0.5,
    "accAdj": 0.0,
    "auc": 0.2207792207792208,
    "f1": 0.7586206896551725,
    "prob_decision": [
      -0.9999958488420021,
      -0.9999956791419168,
      -0.9999932718002131,
      -0.9999941552382515,
      -0.9999959521319631,
      -0.9999965069198986,
      -0.9999936106796186,
      -0.9999953447411462,
      -0.9999963120700353,
      -0.9999939089105085,
      -0.9999947409809662,
      -0.9999945505970731,
      -0.9999960870480569,
      -0.9999916786214919,
      -0.9999929099355577,
      -0.9999940129694689,
      -0.9999932476584963,
      -0.9999935325818416
    ],