{
  "f_ratio_measure CFR": {
    "acc": 0.5,
    "accAdj": 0.0,
    "auc": 0.5974025974025974,
    "f1": 0.7586206896551725,
    "prob_decision": [
      -0.9999850803270427,
      -0.9999907782418729,
      -0.9999862085651007,
      -0.9999928035138692,
      -0.9999945604506266,
      -0.9999921826227391,
      -0.9999898348244609,
      -0.9999886332638969,
      -0.999999999999968,
      -0.9999893611343151,
      -0.9999938051148834,
      -0.9999980187242333,
      -0.9999945132636983,
      -0.9999958081122415,
      -0.9999964068507586,
      -0.9999882676802351,
      -0.9999895293972302,
      -0.9999902883289071
    ],
    "threshold": -0.999999999999968
  },
  "f_ratio_measure CIFE": {
    "acc": 0.5,
    "accAdj": 0.0,
    "auc": 0.5714285714285714,
    "f1": 0.7586206896551725,
    "prob_decision": [
      -0.9999930544141532,
      -0.9999973128644435,
      -0.9999862085651007,
      -0.9999920045744686,
      -0.999994240996004,
      -0.9999921826227391,
      -0.9999906781515233,
      -0.9999983343871066,
      -0.999999999999968,
      -0.999984957646475,
      -0.9999938051148834,
      -0.9999980187242333,
      -0.9999922479459394,
      -0.9999949561189823,
      -0.999997798022137,
      -0.9999927433743984,
      -0.99999329102452,
      -0.9999902883289071
    ],
    "threshold": -0.999999999999968
  },
  "f_ratio_measure DCSF": {
    "acc": 0.6948051948051948,
    "accAdj": 0.3896103896103895,
    "auc": 0.5714285714285715,
    "f1": 0.7826086956521738,
    "prob_decision": [
      -0.9999856511617242,
      -0.999983275930626,
      -0.99998581354698,
      -0.9999846186587944,
      -0.9999837636989608,
      -0.9999879727071507,
      -0.9999856511617242,
      -0.9999982928594519,
      -0.999999999999968,
      -0.999984957646475,
      -0.9999964129326193,
      -0.9999909894032905,
      -0.9999850875844221,
      -0.999993746551401,
      -0.9999920796057805,
      -0.999993746551401,
      -0.9999874541780768,
      -0.999982456066838
    ],
    "threshold": -0.9999909894032905
  },
  "f_ratio_measure ICAP": {
    "acc": 0.5,
    "accAdj": 0.0,
    "auc": 0.5844155844155844,
    "f1": 0.7586206896551725,
    "prob_decision": [
      -0.9999930544141532,
      -0.9999973128644435,
      -0.9999862085651007,
      -0.9999892338226453,
      -0.9999916594738524,
      -0.9999921826227391,
      -0.9999871770564209,
      -0.9999943839784429,
      -0.999999999999968,
      -0.999984957646475,
      -0.9999938051148834,
      -0.9999980187242333,
      -0.9999922479459394,
      -0.999996350234408,
      -0.999997798022137,
      -0.9999927433743984,
      -0.99999329102452,
      -0.9999904043743426
    ],
    "threshold": -0.999999999999968
  },
  "f_ratio_measure MRI": {
    "acc": 0.7662337662337663,
    "accAdj": 0.5324675324675325,
    "auc": 0.6883116883116884,
    "f1": 0.8181818181818182,
    "prob_decision": [
      -0.9999850803270427,
      -0.9999907782418729,
      -0.9999899378997759,
      -0.9999928035138692,
      -0.9999945604506266,
      -0.9999900340460076,
      -0.9999898348244609,
      -0.9999886332638969,
      -0.999999999999968,
      -0.999984957646475,
      -0.9999938051148834,
      -0.9999980187242333,
      -0.9999922479459394,
      -0.9999958081122415,
      -0.999997798022137,
      -0.9999882676802351,
      -0.99999329102452,
      -0.9999904043743426
    ],
    "threshold": -0.9999928035138692
  },
  "f_ratio_measure MRMR": {
    "acc": 0.6428571428571428,
    "accAdj": 0.2857142857142856,
    "auc": 0.6103896103896105,
    "f1": 0.8148148148148148,
    "prob_decision": [
      -0.9999856511617242,
      -0.999987487541232,
      -0.99998581354698,
      -0.9999869383420242,
      -0.9999843899792231,
      -0.9999879727071507,
      -0.9999856511617242,
      -0.9999982928594519,
      -0.9999942135195192,
      -0.999984957646475,
      -0.9999998630494323,
      -0.999985125510763,
      -0.9999850875844221,
      -0.999993746551401,
      -0.9999991428726827,
      -0.999993746551401,
      -0.9999874541780768,
      -0.9999792028712986
    ],
    "threshold": -0.9999982928594519
  },
  "kendall_corr CFR": {
    "acc": 0.5,
    "accAdj": 0.0,
    "auc": 0.42857142857142855,
    "f1": 0.7586206896551725,
    "prob_decision": [
      -0.9999770415696588,
      -0.9999982742553621,
      -0.9999799138193668,
      -0.9999775695209356,
      -0.9999973323744878,
      -0.999982573521381,
      -0.9999860129515417,
      -0.9999851822126473,
      -0.9999811866425213,
      -0.9999908475543219,
      -0.9999750321584557,
      -0.9999789484349632,
      -0.9999773675654501,
      -0.9999787801154089,
      -0.99998428990311,
      -0.9999809621923497,
      -0.9999782208864378,
      -0.9999809717721349
    ],
    "threshold": -0.9999982742553621
  },
  "kendall_corr CIFE": {
    "acc": 0.5,
    "accAdj": 0.0,
    "auc": 0.42857142857142855,
    "f1": 0.7586206896551725,
    "prob_decision": [
      -0.9999770415696588,
      -0.9999982742553621,
      -0.9999799138193668,
      -0.9999775695209356,
      -0.9999973323744878,
      -0.999982573521381,
      -0.9999860129515417,
      -0.9999851822126473,
      -0.9999811866425213,
      -0.9999908475543219,
      -0.9999750321584557,
      -0.9999789484349632,
      -0.9999773675654501,
      -0.9999787801154089,
      -0.99998428990311,
      -0.9999809621923497,
      -0.9999782208864378,
      -0.9999809717721349
    ],
    "threshold": -0.9999982742553621
  },
  "kendall_corr DCSF": {
    "acc": 0.5,
    "accAdj": 0.0,
    "auc": 0.42857142857142855,
    "f1": 0.7586206896551725,
    "prob_decision": [
      -0.9999770415696588,
      -0.9999982742553621,
      -0.9999799138193668,
      -0.9999775695209356,
      -0.9999973323744878,
      -0.999982573521381,
      -0.9999860129515417,
      -0.9999851822126473,
      -0.9999811866425213,
      -0.9999908475543219,
      -0.9999750321584557,
      -0.9999789484349632,
      -0.9999773675654501,
      -0.9999787801154089,
      -0.99998428990311,
      -0.9999809621923497,
      -0.9999782208864378,
      -0.9999809717721349
    ],
    "threshold": -0.9999982742553621
  },
  "kendall_corr ICAP": {
    "acc": 0.5,
    "accAdj": 0.0,
    "auc": 0.42857142857142855,
    "f1": 0.7586206896551725,
    "prob_decision": [
      -0.9999770415696588,
      -0.9999982742553621,
      -0.9999799138193668,
      -0.9999775695209356,
      -0.9999973323744878,
      -0.999982573521381,
      -0.9999860129515417,
      -0.9999851822126473,
      -0.9999811866425213,
      -0.9999908475543219,
      -0.9999750321584557,
      -0.9999789484349632,
      -0.9999773675654501,
      -0.9999787801154089,
      -0.99998428990311,
      -0.9999809621923497,
      -0.9999782208864378,
      -0.9999809717721349
    ],
    "threshold": -0.9999982742553621
  },
  "kendall_corr MRI": {
    "acc": 0.5,
    "accAdj": 0.0,
    "auc": 0.42857142857142855,
    "f1": 0.7586206896551725,
    "prob_decision": [
      -0.9999770415696588,
      -0.9999982742553621,
      -0.9999799138193668,
      -0.9999775695209356,
      -0.9999973323744878,
      -0.999982573521381,
      -0.9999860129515417,
      -0.9999851822126473,
      -0.9999811866425213,
      -0.9999908475543219,
      -0.9999750321584557,
      -0.9999789484349632,
      -0.9999773675654501,
      -0.9999787801154089,
      -0.99998428990311,
      -0.9999809621923497,
      -0.9999782208864378,
      -0.9999809717721349
    ],
    "threshold": -0.9999982742553621
  },
  "kendall_corr MRMR": {
    "acc": 0.5,
    "accAdj": 0.0,
    "auc": 0.42857142857142855,
    "f1": 0.7586206896551725,