{
  "CFR": {
    "acc": 0.8571428571428572,
    "accAdj": 0.7142857142857144,
    "auc": 0.7922077922077922,
    "brier": 0.24995673612868113,
    "f1": 0.9166666666666666,
    "log": 0.6930606528161122,
    "prob_decision": [
      0.5001208085883244,
      0.4999750319636663,
      0.500007514271697,
      0.5000918950846356,
      0.5001265752476061,
      0.5001291456840603,
      0.5001115349580063,
      0.5000289495520619,
      0.5000212934651153,
      0.5000880357568158,
      0.49989362068949555,
      0.499982381743187,
      0.5000252886036733,
      0.49995498926365206,
      0.5000661766001936,
      0.49995029683520265,
      0.4998759097743808,
      0.49993544296777265
    ],
    "threshold": 0.4999750319636663
  },
  "CIFE": {
    "acc": 0.6428571428571428,
    "accAdj": 0.2857142857142856,
    "auc": 0.6753246753246753,
    "brier": 0.24998542250070788,
    "f1": 0.8148148148148148,
    "log": 0.6931180255608085,
    "prob_decision": [
      0.5000079549975462,
      0.4999529155551382,
      0.4999712245236491,
      0.5000217890183,
      0.4999801525135759,
      0.500015222155873,
      0.49991612510187067,
      0.4999943532626633,
      0.5000706508353852,
      0.5001250414197284,
      0.49988316849898884,
      0.49998198823456647,
      0.499934047373531,
      0.4999728933869076,
      0.4999111443296198,
      0.5000393915862106,
      0.4999959656014858,
      0.4999461382488377
    ],
    "threshold": 0.49991612510187067
  },
  "MRI": {
    "acc": 0.5714285714285714,
    "accAdj": 0.1428571428571428,
    "auc": 0.37662337662337664,
    "brier": 0.24838317991960773,
    "f1": 0.7857142857142858,
    "log": 0.6899097372977786,
    "prob_decision": [
      0.4999553504459424,
      0.49988334140492385,
      0.4999162157493268,
      0.499941384725358,
      0.4999866479118981,
      0.5005803787366058,
      0.4999902753720389,
      0.5000251538275184,
      0.4999673590904362,
      0.5000488330329076,
      0.49997281806873295,
      0.4999935216214263,
      0.4999012598861074,
      0.5000326790367402,
      0.500110898653907,
      0.5000395214804356,
      0.49999455079931493,
      0.47006680775449156
    ],
    "threshold": 0.49988334140492385
  }
}