{
  "CFR": {
    "acc": 0.6428571428571428,
    "accAdj": 0.2857142857142856,
    "auc": 0.7142857142857143,
    "brier": 0.30105504022363333,
    "f1": 0.8148148148148148,
    "log": 1.2016015611011934,
    "prob_decision": [
      0.9994439929526954,
      0.2957346116317185,
      0.4791182604575131,
      0.8628342009395128,
      9.350508728937277e-05,
      0.002058411692758172,
      0.03020676594322542,
      0.854294625913042,
      0.9999923796244058,
      0.9578402051487126,
      0.16368034376774232,
      0.5481936343430348,
      0.00741888969942568,
      0.0018490051896033711,
      0.7981499388714739,
      0.8324910905970623,
      0.1840719244308941,
      0.30555924210101226
    ],
    "threshold": 0.002058411692758172
  },
  "CIFE": {
    "acc": 0.5,
    "accAdj": 0.0,
    "auc": 0.5974025974025974,
    "brier": 0.3365164504304016,
    "f1": 0.7586206896551725,
    "log": 1.3292510687053296,
    "prob_decision": [
      0.9993660093805953,
      0.2957346116317185,
      0.4791182604575131,
      0.0239430635834803,
      0.2594662469553811,
      0.002058411692758172,
      0.03020676594322542,
      0.9710440663774582,
      0.9613423705352114,
      0.9670789260512143,
      0.6201568750552217,
      0.5481936343430348,
      0.9997909487543593,
      0.012647151745536326,
      0.03361714177291412,
      0.8324910905970623,
      0.26566610058284007,
      0.9882012844012089
    ],
    "threshold": 0.002058411692758172
  },
  "DCSF": {
    "acc": 0.8831168831168831,
    "accAdj": 0.7662337662337662,
    "auc": 0.8311688311688311,
    "brier": 0.13849247495841555,
    "f1": 0.9090909090909091,
    "log": 0.5599595701085196,
    "prob_decision": [
      0.902077716639249,
      0.9999857850913002,
      0.751548691356025,
      0.902077716639249,
      0.3519062266328909,
      0.7039467917883102,
      0.902077716639249,
      0.9998740100929985,
      0.5028289716351725,
      0.9626183108074421,
      0.16368034376774232,
      0.15238748469600719,
      0.9999859196271702,
      0.11666093357440543,
      0.16368034376774238,
      0.31721431395583394,
      0.26566610058284007,
      0.9927061929572909
    ],
    "threshold": 0.5028289716351725
  },
  "ICAP": {
    "acc": 0.5,
    "accAdj": 0.0,
    "auc": 0.5584415584415585,
    "brier": 0.35305732141430196,
    "f1": 0.7586206896551725,
    "log": 1.552494116308653,
    "prob_decision": [
      0.9993660093805953,
      0.2957346116317185,
      0.4791182604575131,
      0.0239430635834803,
      0.2528383360715349,
      0.002058411692758172,
      0.03020676594322542,
      0.9685629079138118,
      0.9613423705352114,
      0.9670789260512143,
      0.6201568750552217,
      0.5481936343430348,
      0.9997909487543593,
      0.012647151745536326,
      0.03361714177291412,
      0.9970068997196053,
      0.26566610058284007,
      0.9882012844012089
    ],
    "threshold": 0.002058411692758172
  },
  "MRI": {
    "acc": 0.5714285714285714,
    "accAdj": 0.1428571428571428,
    "auc": 0.7012987012987013,
    "brier": 0.32290021722924234,
    "f1": 0.7857142857142858,
    "log": 1.1828796855078105,
    "prob_decision": [
      0.9994439929526954,
      0.2957346116317185,
      0.4791182604575131,
      0.0239430635834803,
      9.350508728937277e-05,
      0.002058411692758172,
      0.03020676594322542,
      0.854294625913042,
      0.9613423705352114,
      0.26631452253318494,
      0.16368034376774232,
      0.5481936343430348,
      0.9997909487543593,
      0.0029309037306141394,
      0.7981499388714739,
      0.8324910905970623,
      0.1815535513977092,
      0.028782508977108098
    ],
    "threshold": 0.002058411692758172
  },
  "MRMR": {
    "acc": 0.8831168831168831,
    "accAdj": 0.7662337662337662,
    "auc": 0.9090909090909091,
    "brier": 0.12952880081936552,
    "f1": 0.9090909090909091,
    "log": 0.41045447973545435,
    "prob_decision": [
      0.902077716639249,
      0.902077716639249,
      0.751548691356025,
      0.902077716639249,
      0.3519062266328909,
      0.902077716639249,
      0.902077716639249,
      0.19170870479344412,
      0.5028289716351725,
      0.9857967756819014,
      0.16368034376774232,
      0.6004961574932184,
      0.9999859196271702,
      0.11666093357440543,
      0.16368034376774238,
      0.31721431395583394,
      0.863732831274222,
      0.3519062266328909
    ],
    "threshold": 0.5028289716351725
  }
}