{
  "CFR": {
    "acc": 0.6428571428571428,
    "accAdj": 0.2857142857142856,
    "auc": 0.5584415584415584,
    "f1": 0.8148148148148148,
    "prob_decision": [
      -0.9999899834522961,
      -0.9999934821749936,
      -0.9999947901981134,
      -0.9999920980827813,
      -0.9999905632865645,
      -0.9999928589576091,
      -0.9999938398894631,
      -0.9999946697530755,
      -0.9999936524997011,
      -0.9999930750361835,
      -0.9999945803876055,
      -0.9999946895024814,
      -0.9999941949524519,
      -0.9999935821588284,
      -0.9999957617404722,
      -0.9999914709013821,
      -0.9999936536331245,
      -0.9999957458766924
    ],
    "threshold": -0.9999947901981134
  },
  "CIFE": {
    "acc": 0.5974025974025974,
    "accAdj": 0.19480519480519476,
    "auc": 0.36363636363636365,
    "f1": 0.7692307692307692,
    "prob_decision": [
      -0.9999916250854821,
      -0.9999941706115719,
      -0.9999945085409642,
      -0.9999911105423805,
      -0.9999908491724417,
      -0.9999930064811058,
      -0.999992249489595,
      -0.9999956213691888,
      -0.9999936853949897,
      -0.9999922709126364,
      -0.9999895760009784,
      -0.9999939211966491,
      -0.999991490849166,
      -0.9999921757375225,
      -0.9999953518502674,
      -0.9999903347050559,
      -0.9999929932847859,
      -0.9999948091097323
    ],
    "threshold": -0.9999945085409642
  },
  "DCSF": {
    "acc": 0.5,
    "accAdj": 0.0,
    "auc": 0.3116883116883117,
    "f1": 0.7586206896551725,
    "prob_decision": [
      -0.9999941799730526,
      -0.9999933457247903,
      -0.9999925112048844,
      -0.9999915658349325,
      -0.9999925124210851,
      -0.999992177831604,
      -0.999992228183139,
      -0.9999936740867514,
      -0.9999944829700046,
      -0.9999964381232171,
      -0.9999926752226703,
      -0.9999947136022832,
      -0.9999940010223958,
      -0.9999942452320568,
      -0.9999907294634305,
      -0.9999924481575427,
      -0.9999934091427352,
      -0.9999913341562235
    ],
    "threshold": -0.9999964381232171
  },
  "ICAP": {
    "acc": 0.5714285714285714,
    "accAdj": 0.1428571428571428,
    "auc": 0.4805194805194805,
    "f1": 0.7857142857142858,
    "prob_decision": [
      -0.9999915271081954,
      -0.9999941826544071,
      -0.9999945059395381,
      -0.9999911105423805,
      -0.9999915692604787,
      -0.9999924105225685,
      -0.9999904697616956,
      -0.9999952918077741,
      -0.9999936812955774,
      -0.9999927475100345,
      -0.9999895680377175,
      -0.999994188986288,
      -0.9999915189154167,
      -0.9999929967369638,
      -0.9999963326158403,
      -0.9999903347050559,
      -0.9999943016324859,
      -0.9999939458668202
    ],
    "threshold": -0.9999952918077741
  },
  "MRI": {
    "acc": 0.5714285714285714,
    "accAdj": 0.1428571428571428,
    "auc": 0.5324675324675325,
    "f1": 0.7857142857142858,
    "prob_decision": [
      -0.9999921057603776,
      -0.9999950215800383,
      -0.9999950537569431,
      -0.9999911102997513,
      -0.999991018124679,
      -0.9999937631794877,
      -0.9999889874411062,
      -0.9999944295310688,
      -0.9999928478180786,
      -0.9999928257074445,
      -0.9999912965225437,
      -0.9999935412030422,
      -0.999991884766596,
      -0.9999933926865433,
      -0.9999940892850401,
      -0.9999922406297688,
      -0.9999944364096651,
      -0.9999965625425854
    ],
    "threshold": -0.9999950537569431
  },
  "MRMR": {
    "acc": 0.6688311688311688,
    "accAdj": 0.33766233766233755,
    "auc": 0.4675324675324676,
    "f1": 0.8,
    "prob_decision": [
      -0.9999886826065918,
      -0.9999918996305257,
      -0.9999919215785082,
      -0.9999906456685806,
      -0.999991348674896,
      -0.9999920396285673,
      -0.9999914374406644,
      -0.9999913153441976,
      -0.9999936023730889,
      -0.9999919478799958,
      -0.9999934051142297,
      -0.9999916175336068,
      -0.9999922575414588,
      -0.9999907634158172,
      -0.9999892188174219,
      -0.9999925360143126,
      -0.9999925662300838,
      -0.9999870309204155
    ],
    "threshold": -0.9999922575414588
  }
}