{
  "CFR": {
    "acc": 0.5,
    "accAdj": 0.0,
    "auc": 0.3246753246753247,
    "brier": 0.49691358024691357,
    "f1": 0.7586206896551725,
    "log": 12.438141073381239,
    "prob_decision": [
      0.25,
      0.25,
      1.0,
      1.0,
      1.0,
      0.75,
      0.25,
      1.0,
      0.0,
      0.3333333333333333,
      0.0,
      0.5,
      0.0,
      1.0,
      0.5,
      1.0,
      0.5,
      1.0
    ],
    "threshold": 0.0
  },
  "CIFE": {
    "acc": 0.5,
    "accAdj": 0.0,
    "auc": 0.3831168831168831,
    "brier": 0.4895833333333333,
    "f1": 0.7586206896551725,
    "log": 14.293077056855338,
    "prob_decision": [
      0.75,
      0.0,
      0.5,
      1.0,
      0.6666666666666666,
      0.0,
      0.3333333333333333,
      0.0,
      0.5,
      0.6666666666666666,
      1.0,
      0.0,
      1.0,
      1.0,
      0.0,
      1.0,
      0.0,
      0.5
    ],
    "threshold": 0.0
  },
  "DCSF": {
    "acc": 0.5,
    "accAdj": 0.0,
    "auc": 0.5649350649350648,
    "brier": 0.4340277777777778,
    "f1": 0.7586206896551725,
    "log": 14.13250084808333,
    "prob_decision": [
      0.0,
      1.0,
      1.0,
      1.0,
      1.0,
      0.0,
      0.25,
      1.0,
      0.0,
      0.0,
      0.0,
      0.5,
      1.0,
      0.0,
      0.0,
      1.0,
      0.0,
      1.0
    ],
    "threshold": 0.0
  },
  "ICAP": {
    "acc": 0.5,
    "accAdj": 0.0,
    "auc": 0.4805194805194805,
    "brier": 0.4479166666666667,
    "f1": 0.7586206896551725,
    "log": 14.186991362139533,
    "prob_decision": [
      0.75,
      0.5,
      0.5,
      1.0,
      0.0,
      0.0,
      0.0,
      0.0,
      0.5,
      1.0,
      1.0,
      0.0,
      1.0,
      1.0,
      0.0,
      1.0,
      0.0,
      0.5
    ],
    "threshold": 0.0
  },
  "MRI": {
    "acc": 0.5,
    "accAdj": 0.0,
    "auc": 0.5909090909090909,
    "brier": 0.35648148148148145,
    "f1": 0.7586206896551725,
    "log": 8.362817845398029,
    "prob_decision": [
      0.25,
      0.25,
      0.0,
      1.0,
      0.6666666666666666,
      1.0,
      0.75,
      1.0,
      0.25,
      0.6666666666666666,
      1.0,
      0.0,
      1.0,
      0.3333333333333333,
      0.0,
      1.0,
      0.0,
      0.0
    ],
    "threshold": 0.0
  },
  "MRMR": {
    "acc": 0.7402597402597402,
    "accAdj": 0.48051948051948035,
    "auc": 0.7012987012987013,
    "brier": 0.25,
    "f1": 0.8333333333333333,
    "log": 8.086717106532696,
    "prob_decision": [
      1.0,
      1.0,
      1.0,
      1.0,
      1.0,
      0.0,
      0.5,
      1.0,
      1.0,
      1.0,
      0.0,
      0.5,
      1.0,
      0.0,
      0.0,
      1.0,
      0.0,
      1.0
    ],
    "threshold": 0.5
  }
}