{
  "CFR": {
    "acc": 0.5714285714285714,
    "accAdj": 0.1428571428571428,
    "auc": 0.6103896103896104,
    "f1": 0.7857142857142858,
    "prob_decision": [
      -0.9999883037762248,
      -0.9999997434947432,
      -0.9999943541746673,
      -0.9999855358557118,
      -0.9999969109894934,
      -0.9999944126609334,
      -0.9999982229466148,
      -1.0000003392000245,
      -0.9999844815580384,
      -0.9999983313135266,
      -0.9999955223000201,
      -0.9999966443176648,
      -0.999998797979717,
      -0.9999984208201724,
      -0.99999862233769,
      -1.0000006284221103,
      -0.9999981694130688,
      -0.9999890503667532
    ],
    "threshold": -1.0000003392000245
  },
  "CIFE": {
    "acc": 0.7207792207792207,
    "accAdj": 0.4415584415584415,
    "auc": 0.6363636363636365,
    "f1": 0.761904761904762,
    "prob_decision": [
      -0.9999908716327315,
      -1.000000000000066,
      -0.9999872420823768,
      -0.9999858202976716,
      -0.9999999999998787,
      -0.9999944126609334,
      -0.9999993888168353,
      -1.0000003392000245,
      -0.9999894205063934,
      -0.99998899661889,
      -0.9999955223000201,
      -0.9999912387789228,
      -0.9999850762863571,
      -0.9999999024451748,
      -0.999999224171504,
      -0.9999876742979342,
      -0.9999892309796874,
      -0.9999960012361204
    ],
    "threshold": -0.9999944126609334
  },
  "DCSF": {
    "acc": 0.5,
    "accAdj": 0.0,
    "auc": 0.4155844155844156,
    "f1": 0.7586206896551725,
    "prob_decision": [
      -0.9999873052700015,
      -0.9999854854774571,
      -0.9999904378592941,
      -0.9999892949650389,
      -0.9999860102427619,
      -0.9999995591265007,
      -0.999987930999668,
      -0.9999859134641682,
      -0.9999940530028691,
      -0.9999972870886407,
      -0.9999962728135439,
      -0.9999990804438418,
      -0.9999835241709277,
      -0.9999855011536688,
      -0.9999836309572819,
      -0.9999890770986734,
      -0.9999954557305916,
      -0.9999881340080111
    ],
    "threshold": -0.9999995591265007
  },
  "ICAP": {
    "acc": 0.6948051948051948,
    "accAdj": 0.3896103896103895,
    "auc": 0.7142857142857142,
    "f1": 0.7826086956521738,
    "prob_decision": [
      -0.9999917243240363,
      -1.000000000000066,
      -0.9999873756528755,
      -0.9999858202976716,
      -0.9999969509134125,
      -0.9999944126609334,
      -0.999995686795067,
      -1.0000003392000245,
      -0.9999894205063934,
      -0.9999869863435238,
      -0.9999955223000201,
      -0.9999912387789228,
      -0.9999850762863571,
      -0.9999998398845243,
      -0.999999224171504,
      -0.9999876742979342,
      -0.9999932342540198,
      -0.9999960072790156
    ],
    "threshold": -0.999995686795067
  },
  "MRI": {
    "acc": 0.8636363636363636,
    "accAdj": 0.7272727272727273,
    "auc": 0.8441558441558441,
    "f1": 0.8421052631578948,
    "prob_decision": [
      -0.9999883037762248,
      -0.9999972473241239,
      -0.9999868296011739,
      -0.9999858202976716,
      -0.9999954088550306,
      -0.9999944126609334,
      -0.999989808312298,
      -1.0000003392000245,
      -0.9999912356048583,
      -0.9999963998212821,
      -0.9999955223000201,
      -0.9999912387789228,
      -0.9999890138024156,
      -0.999998548520947,
      -0.9999981003066708,
      -0.9999968822852924,
      -0.9999982853996345,
      -0.9999984135331629
    ],
    "threshold": -0.9999944126609334
  },
  "MRMR": {
    "acc": 0.7662337662337663,
    "accAdj": 0.5324675324675325,
    "auc": 0.6753246753246753,
    "f1": 0.8181818181818182,
    "prob_decision": [
      -0.9999875607512595,
      -0.9999848922197767,
      -0.9999896884693861,
      -0.9999892949650389,
      -0.9999971703147162,
      -0.9999882367112833,
      -0.9999903187323558,
      -0.9999982928594519,
      -0.9999866395607887,
      -0.9999847058386283,
      -0.9999974870127244,
      -0.9999985010096101,
      -0.9999835241709277,
      -0.9999912732976872,
      -0.9999999999998958,
      -0.9999878164407867,
      -0.9999968812623621,
      -0.9999824479223379
    ],
    "threshold": -0.9999903187323558
  }
}