{
  "CFR": {
    "acc": 0.5714285714285714,
    "accAdj": 0.1428571428571428,
    "auc": 0.6103896103896104,
    "brier": 0.36732681292417635,
    "f1": 0.7857142857142858,
    "log": 2.1519871240501676,
    "prob_decision": [
      1.0,
      0.27208530680459553,
      0.7022407284224866,
      0.7763856665624904,
      4.0694141163958276e-05,
      7.18634878738408e-05,
      0.00016724502923501575,
      0.4950652614640473,
      1.0,
      1.0,
      0.13525553250911485,
      0.15101591273389595,
      0.017258892919870473,
      0.11323653337540752,
      0.9333165831463752,
      0.9997890098642312,
      0.1795422050043931,
      0.26136951363616895
    ],
    "threshold": 7.18634878738408e-05
  },
  "CIFE": {
    "acc": 0.5,
    "accAdj": 0.0,
    "auc": 0.5519480519480519,
    "brier": 0.38757108668834395,
    "f1": 0.7586206896551725,
    "log": 4.125008540558969,
    "prob_decision": [
      1.0,
      0.27208530680459553,
      0.7022407284224866,
      7.161649794535514e-05,
      0.23654921024557843,
      7.18634878738408e-05,
      0.00016724502923501575,
      0.4950652614640473,
      0.42844614138810816,
      0.996211569828184,
      1.0,
      0.15101591273389595,
      0.9999999767672648,
      0.05457991061538974,
      0.0017226128447595161,
      0.07311069985495129,
      0.08701886326439735,
      0.9920203787042541
    ],
    "threshold": 7.161649794535514e-05
  },
  "DCSF": {
    "acc": 0.9285714285714286,
    "accAdj": 0.8571428571428572,
    "auc": 0.9090909090909092,
    "brier": 0.10883494946200872,
    "f1": 0.9565217391304348,
    "log": 0.470465552882717,
    "prob_decision": [
      0.8404105480804687,
      1.0,
      0.6626417821245476,
      0.8404105480804687,
      0.27768990767608737,
      0.6031445744066127,
      0.8404105480804687,
      0.9999999999998335,
      0.4461059518425903,
      0.9997323839414327,
      0.13525553250911485,
      0.6383277241711571,
      1.0,
      0.08587586379042352,
      0.13525562267238464,
      0.25183398711956706,
      0.08701886326439728,
      0.9907801272478953
    ],
    "threshold": 0.4461059518425903
  },
  "ICAP": {
    "acc": 0.5,
    "accAdj": 0.0,
    "auc": 0.4610389610389611,
    "brier": 0.44321269626925475,
    "f1": 0.7586206896551725,
    "log": 4.724658649074634,
    "prob_decision": [
      1.0,
      0.27208530680459553,
      0.7022407284224866,
      7.161649794535514e-05,
      0.23654921024557868,
      7.18634878738408e-05,
      0.00016724502923501575,
      0.4950652614640473,
      0.42844614138810816,
      0.9166341947177422,
      1.0,
      0.15101591273389595,
      0.9999999767672648,
      0.05457991061538952,
      0.0017226128447595161,
      0.9999793205874218,
      0.08701886326439728,
      0.9920203787042541
    ],
    "threshold": 7.161649794535514e-05
  },
  "MRI": {
    "acc": 0.5714285714285714,
    "accAdj": 0.1428571428571428,
    "auc": 0.5974025974025974,
    "brier": 0.4218918699119771,
    "f1": 0.7857142857142858,
    "log": 2.5669423318802327,
    "prob_decision": [
      1.0,
      0.27208530680459553,
      0.43995472457361,
      7.161649794535514e-05,
      4.0694141163958276e-05,
      7.18634878738408e-05,
      0.00016724502923501575,
      0.4950652614640473,
      0.42844614138810816,
      0.2593272382842533,
      0.13525553250911485,
      0.1711908775967153,
      0.9999999767672648,
      0.11323653337540752,
      0.9333165831463752,
      0.9997890098642312,
      0.17954220500439325,
      0.0010339549802501431
    ],
    "threshold": 7.161649794535514e-05
  },
  "MRMR": {
    "acc": 0.8831168831168831,
    "accAdj": 0.7662337662337662,
    "auc": 0.8181818181818181,
    "brier": 0.15161407326708665,
    "f1": 0.9090909090909091,
    "log": 0.5003416804892302,
    "prob_decision": [
      0.8404105480804687,
      0.8404105480804687,
      0.6626417821245476,
      0.8404105480804687,
      0.27768990767608737,
      0.8404105480804687,
      0.8404105480804687,
      0.09029183778479037,
      0.4461059518425903,
      0.9813388999385062,
      0.13525553250911485,
      0.4971027504404085,
      1.0,
      0.08587586379042352,
      0.13525562267238464,
      0.25183398711956706,
      0.9157898775417137,
      0.2776893954441945
    ],
    "threshold": 0.4461059518425903
  }
}