{
  "_logarithm_firstorder_;_wavelet-HLH_firstorder_": {
    "LogReg[C=1e-3]": 0.7272727272727273,
    "LogReg[C=1e-3] + RFE(LogReg [C=1])": 0.7012987012987013,
    "LogReg[C=1e-3] + RFE(LogReg [C=1e-3])": 0.7142857142857142,
    "LogReg[C=1e-3] + RFE(SVM    [C=1])": 0.7792207792207791,
    "LogReg[C=1e-3] + RFE(SVM    [C=1e-3])": 0.7662337662337663,
    "SVM [C=1e-3]": 0.5194805194805195,
    "SVM [C=1e-3] + RFE(LogReg [C=1])": 0.5194805194805194,
    "SVM [C=1e-3] + RFE(LogReg [C=1e-3])": 0.5064935064935066,
    "SVM [C=1e-3] + RFE(SVM    [C=1])": 0.4285714285714286,
    "SVM [C=1e-3] + RFE(SVM    [C=1e-3])": 0.33766233766233766
  },
  "_logarithm_firstorder_;_wavelet-HLH_firstorder_;_wavelet-HLH_glcm_": {
    "LogReg[C=1e-3]": 0.7012987012987013,
    "LogReg[C=1e-3] + RFE(LogReg [C=1])": 0.8441558441558442,
    "LogReg[C=1e-3] + RFE(LogReg [C=1e-3])": 0.7922077922077922,
    "LogReg[C=1e-3] + RFE(SVM    [C=1])": 0.8441558441558441,
    "LogReg[C=1e-3] + RFE(SVM    [C=1e-3])": 0.7792207792207793,
    "SVM [C=1e-3]": 0.4155844155844156,
    "SVM [C=1e-3] + RFE(LogReg [C=1])": 0.4935064935064935,
    "SVM [C=1e-3] + RFE(LogReg [C=1e-3])": 0.38961038961038963,
    "SVM [C=1e-3] + RFE(SVM    [C=1])": 0.6363636363636364,
    "SVM [C=1e-3] + RFE(SVM    [C=1e-3])": 0.49350649350649356
  },
  "_logarithm_firstorder_;_wavelet-HLH_glcm_": {
    "LogReg[C=1e-3]": 0.7012987012987013,
    "LogReg[C=1e-3] + RFE(LogReg [C=1])": 0.7922077922077922,
    "LogReg[C=1e-3] + RFE(LogReg [C=1e-3])": 0.7012987012987013,
    "LogReg[C=1e-3] + RFE(SVM    [C=1])": 0.8571428571428572,
    "LogReg[C=1e-3] + RFE(SVM    [C=1e-3])": 0.9480519480519481,
    "SVM [C=1e-3]": 0.36363636363636365,
    "SVM [C=1e-3] + RFE(LogReg [C=1])": 0.6493506493506493,
    "SVM [C=1e-3] + RFE(LogReg [C=1e-3])": 0.35064935064935066,
    "SVM [C=1e-3] + RFE(SVM    [C=1])": 0.5714285714285715,
    "SVM [C=1e-3] + RFE(SVM    [C=1e-3])": 0.5194805194805194
  },
  "_logarithm_firstorder_;_wavelet-LLH_glcm_": {
    "LogReg[C=1e-3]": 0.8441558441558441,
    "LogReg[C=1e-3] + RFE(LogReg [C=1])": 0.7792207792207793,
    "LogReg[C=1e-3] + RFE(LogReg [C=1e-3])": 0.8181818181818181,
    "LogReg[C=1e-3] + RFE(SVM    [C=1])": 0.8181818181818182,
    "LogReg[C=1e-3] + RFE(SVM    [C=1e-3])": 0.8181818181818182,
    "SVM [C=1e-3]": 0.5714285714285714,
    "SVM [C=1e-3] + RFE(LogReg [C=1])": 0.5844155844155845,
    "SVM [C=1e-3] + RFE(LogReg [C=1e-3])": 0.37662337662337664,
    "SVM [C=1e-3] + RFE(SVM    [C=1])": 0.6753246753246753,
    "SVM [C=1e-3] + RFE(SVM    [C=1e-3])": 0.6103896103896105
  },
  "_logarithm_firstorder_;_wavelet-LLH_glcm_;_wavelet-HLH_firstorder_": {
    "LogReg[C=1e-3]": 0.8181818181818182,
    "LogReg[C=1e-3] + RFE(LogReg [C=1])": 0.8311688311688311,
    "LogReg[C=1e-3] + RFE(LogReg [C=1e-3])": 0.7142857142857143,
    "LogReg[C=1e-3] + RFE(SVM    [C=1])": 0.9090909090909091,
    "LogReg[C=1e-3] + RFE(SVM    [C=1e-3])": 0.7142857142857143,
    "SVM [C=1e-3]": 0.5844155844155845,
    "SVM [C=1e-3] + RFE(LogReg [C=1])": 0.7272727272727273,
    "SVM [C=1e-3] + RFE(LogReg [C=1e-3])": 0.5064935064935066,
    "SVM [C=1e-3] + RFE(SVM    [C=1])": 0.5974025974025974,
    "SVM [C=1e-3] + RFE(SVM    [C=1e-3])": 0.4675324675324676
  },
  "_logarithm_firstorder_;_wavelet-LLH_glcm_;_wavelet-HLH_firstorder_;_wavelet-HLH_glcm_": {
    "LogReg[C=1e-3]": 0.7272727272727273,
    "LogReg[C=1e-3] + RFE(LogReg [C=1])": 0.8571428571428571,
    "LogReg[C=1e-3] + RFE(LogReg [C=1e-3])": 0.8831168831168831,
    "LogReg[C=1e-3] + RFE(SVM    [C=1])": 0.8961038961038961,
    "LogReg[C=1e-3] + RFE(SVM    [C=1e-3])": 0.9350649350649349,
    "SVM [C=1e-3]": 0.37662337662337664,
    "SVM [C=1e-3] + RFE(LogReg [C=1])": 0.6233766233766234,
    "SVM [C=1e-3] + RFE(LogReg [C=1e-3])": 0.6233766233766234,
    "SVM [C=1e-3] + RFE(SVM    [C=1])": 0.8441558441558441,
    "SVM [C=1e-3] + RFE(SVM    [C=1e-3])": 0.7532467532467533
  },
  "_logarithm_firstorder_;_wavelet-LLH_glcm_;_wavelet-HLH_glcm_": {
    "LogReg[C=1e-3]": 0.7532467532467533,
    "LogReg[C=1e-3] + RFE(LogReg [C=1])": 0.8961038961038961,
    "LogReg[C=1e-3] + RFE(LogReg [C=1e-3])": 0.8181818181818182,
    "LogReg[C=1e-3] + RFE(SVM    [C=1])": 0.8961038961038961,
    "LogReg[C=1e-3] + RFE(SVM    [C=1e-3])": 0.8961038961038961,
    "SVM [C=1e-3]": 0.36363636363636365,
    "SVM [C=1e-3] + RFE(LogReg [C=1])": 0.4935064935064935,
    "SVM [C=1e-3] + RFE(LogReg [C=1e-3])": 0.4805194805194805,
    "SVM [C=1e-3] + RFE(SVM    [C=1])": 0.5714285714285714,
    "SVM [C=1e-3] + RFE(SVM    [C=1e-3])": 0.5714285714285715
  },
  "_wavelet-HLH_firstorder_;_wavelet-HLH_glcm_": {
    "LogReg[C=1e-3]": 0.6233766233766234,
    "LogReg[C=1e-3] + RFE(LogReg [C=1])": 0.8961038961038961,
    "LogReg[C=1e-3] + RFE(LogReg [C=1e-3])": 0.7532467532467533,
    "LogReg[C=1e-3] + RFE(SVM    [C=1])": 0.8701298701298701,
    "LogReg[C=1e-3] + RFE(SVM    [C=1e-3])": 0.9090909090909091,
    "SVM [C=1e-3]": 0.4155844155844156,
    "SVM [C=1e-3] + RFE(LogReg [C=1])": 0.4675324675324676,
    "SVM [C=1e-3] + RFE(LogReg [C=1e-3])": 0.36363636363636365,
    "SVM [C=1e-3] + RFE(SVM    [C=1])": 0.5324675324675325,
    "SVM [C=1e-3] + RFE(SVM    [C=1e-3])": 0.7012987012987013
  },
  "_wavelet-LLH_glcm_;_wavelet-HLH_firstorder_": {
    "LogReg[C=1e-3]": 0.7272727272727273,
    "LogReg[C=1e-3] + RFE(LogReg [C=1])": 0.7532467532467533,
    "LogReg[C=1e-3] + RFE(LogReg [C=1e-3])": 0.7142857142857144,
    "LogReg[C=1e-3] + RFE(SVM    [C=1])": 0.7402597402597403,
    "LogReg[C=1e-3] + RFE(SVM    [C=1e-3])": 0.7272727272727273,
    "SVM [C=1e-3]": 0.4545454545454546,
    "SVM [C=1e-3] + RFE(LogReg [C=1])": 0.7012987012987013,
    "SVM [C=1e-3] + RFE(LogReg [C=1e-3])": 0.7402597402597403,
    "SVM [C=1e-3] + RFE(SVM    [C=1])": 0.8181818181818182,
    "SVM [C=1e-3] + RFE(SVM    [C=1e-3])": 0.8181818181818182
  },
  "_wavelet-LLH_glcm_;_wavelet-HLH_firstorder_;_wavelet-HLH_glcm_": {
    "LogReg[C=1e-3]": 0.6753246753246753,
    "LogReg[C=1e-3] + RFE(LogReg [C=1])": 0.6883116883116883,
    "LogReg[C=1e-3] + RFE(LogReg [C=1e-3])": 0.7662337662337663,
    "LogReg[C=1e-3] + RFE(SVM    [C=1])": 0.7012987012987013,
    "LogReg[C=1e-3] + RFE(SVM    [C=1e-3])": 0.7662337662337663,
    "SVM [C=1e-3]": 0.4025974025974026,
    "SVM [C=1e-3] + RFE(LogReg [C=1])": 0.7402597402597403,
    "SVM [C=1e-3] + RFE(LogReg [C=1e-3])": 0.6883116883116883,
    "SVM [C=1e-3] + RFE(SVM    [C=1])": 0.6883116883116883,
    "SVM [C=1e-3] + RFE(SVM    [C=1e-3])": 0.5454545454545454
  },
  "_wavelet-LLH_glcm_;_wavelet-HLH_glcm_": {
    "LogReg[C=1e-3]": 0.6883116883116883,
    "LogReg[C=1e-3] + RFE(LogReg [C=1])": 0.7662337662337662,
    "LogReg[C=1e-3] + RFE(LogReg [C=1e-3])": 0.7532467532467533,
    "LogReg[C=1e-3] + RFE(SVM    [C=1])": 0.7532467532467533,
    "LogReg[C=1e-3] + RFE(SVM    [C=1e-3])": 0.7922077922077922,
    "SVM [C=1e-3]": 0.33766233766233766,
    "SVM [C=1e-3] + RFE(LogReg [C=1])": 0.5844155844155845,
    "SVM [C=1e-3] + RFE(LogReg [C=1e-3])": 0.7792207792207793,
    "SVM [C=1e-3] + RFE(SVM    [C=1])": 0.7012987012987013,
    "SVM [C=1e-3] + RFE(SVM    [C=1e-3])": 0.6493506493506492
  }
}