{
  "CFR": {
    "acc": 0.5,
    "accAdj": 0.0,
    "auc": 0.0,
    "f1": 0.7586206896551725,
    "prob_decision": [
      6.362518092836518e-06,
      -1.3736520063465124e-05,
      -1.6677171399808239e-06,
      9.401965534565092e-06,
      0.9999837727115629,
      -3.454137093972588e-06,
      -1.0429453455676025e-05,
      -1.3694502372984671e-05,
      1.1188912530331279e-05,
      -7.88118373260552e-06,
      0.9999831062218323,
      -6.928515052084109e-06,
      -1.052641157426713e-05,
      0.9999839767889325,
      0.9999835002328883,
      0.9999844947251527,
      0.9999830116954264,
      0.9999963053876302
    ],
    "threshold": -1.3736520063465124e-05
  },
  "CIFE": {
    "acc": 0.5,
    "accAdj": 0.0,
    "auc": 0.0,
    "f1": 0.7586206896551725,
    "prob_decision": [
      2.3305978063497603e-06,
      -1.1654171012022011e-05,
      6.134237479453137e-06,
      9.273178851128322e-06,
      0.9999785798174821,
      -3.454137093972588e-06,
      -1.2505409939715816e-05,
      -1.3694502372984671e-05,
      3.437012537188197e-06,
      4.435847592959399e-06,
      0.9999831062218323,
      2.232653572946825e-06,
      7.699064904476256e-06,
      0.9999819968110033,
      0.9999810525223668,
      0.999998389227718,
      0.9999949291950345,
      0.9999868559567023
    ],
    "threshold": -1.3694502372984671e-05
  },
  "DCSF": {
    "acc": 0.5,
    "accAdj": 0.0,
    "auc": 0.0,
    "f1": 0.7586206896551725,
    "prob_decision": [
      6.683517710369508e-06,
      7.687597307244728e-06,
      9.151087240031338e-07,
      3.794390216486652e-06,
      0.9999991023145316,
      -1.2867588837916348e-05,
      3.3820133881188547e-06,
      9.031832810312927e-06,
      -2.7937482511626827e-06,
      -7.175711460880034e-06,
      0.9999842289159373,
      -1.0382125245755898e-05,
      1.1248486616202978e-05,
      0.9999986959705276,
      0.9999997035858595,
      0.9999976391685251,
      0.9999833284882778,
      0.9999907092849278
    ],
    "threshold": -1.2867588837916348e-05
  },
  "ICAP": {
    "acc": 0.5,
    "accAdj": 0.0,
    "auc": 0.0,
    "f1": 0.7586206896551725,
    "prob_decision": [
      6.590597885772256e-07,
      -1.1654171012022011e-05,
      6.134237479453137e-06,
      9.273178851128322e-06,
      0.9999870887895346,
      -3.454137093972588e-06,
      -6.1941588804052416e-06,
      -1.3694502372984671e-05,
      3.437012537188197e-06,
      8.136711574804545e-06,
      0.9999831062218323,
      2.232653572946825e-06,
      7.699064904476256e-06,
      0.9999818172006102,
      0.9999810525223668,
      0.999998389227718,
      0.9999899713336905,
      0.9999868559567023
    ],
    "threshold": -1.3694502372984671e-05
  },
  "MRI": {
    "acc": 0.5,
    "accAdj": 0.0,
    "auc": 0.0,
    "f1": 0.7586206896551725,
    "prob_decision": [
      3.6859855704274237e-06,
      -7.902468173495645e-06,
      8.082891703793598e-06,
      9.273178851128322e-06,
      0.9999866868427325,
      -3.454137093972588e-06,
      2.680824544883683e-06,
      -1.3694502372984671e-05,
      4.940416336935294e-07,
      -4.356189249493948e-06,
      0.9999831062218323,
      2.232653572946825e-06,
      1.25520088793105e-06,
      0.9999839767889325,
      0.9999837474295745,
      0.9999818827027965,
      0.9999815498584477,
      0.9999845667239899
    ],
    "threshold": -1.3694502372984671e-05
  },
  "MRMR": {
    "acc": 0.5,
    "accAdj": 0.0,
    "auc": 0.0,
    "f1": 0.7586206896551725,
    "prob_decision": [
      6.404014063135933e-06,
      6.480714429700743e-06,
      3.550820346281291e-06,
      3.794390216486652e-06,
      0.9999714350545988,
      3.946611725876164e-06,
      1.6216201527549148e-06,
      -1.5667005175111422e-05,
      3.6123146172362147e-06,
      9.88837898021408e-06,
      0.9999814746365392,
      -9.907272868804172e-06,
      1.1248486616202978e-05,
      0.9999837406356329,
      0.9999753505324799,
      0.9999968390441326,
      0.9999830116628972,
      1.0000037712535488
    ],
    "threshold": -1.5667005175111422e-05
  }
}