{
  "CFR": {
    "acc": 0.5,
    "accAdj": 0.0,
    "auc": 0.6623376623376623,
    "brier": 0.30153513820228284,
    "f1": 0.7586206896551725,
    "log": 2.351595462592593,
    "prob_decision": [
      0.9915485184776618,
      0.2109248033076258,
      0.0034195907148933027,
      0.9906273407375181,
      0.13518569124856739,
      0.7898372814882145,
      7.63931261950263e-12,
      0.9999999999849001,
      0.882720734196851,
      0.3575267364306892,
      0.3914183976044054,
      0.8836501303703439,
      0.017258892919870473,
      1.2933441160649705e-05,
      0.015510039149545818,
      0.34802096001953925,
      0.5728824839352012,
      0.8605881401831971
    ],
    "threshold": 7.63931261950263e-12
  },
  "CIFE": {
    "acc": 0.8636363636363636,
    "accAdj": 0.7272727272727273,
    "auc": 0.7662337662337663,
    "brier": 0.21137777074904945,
    "f1": 0.8421052631578948,
    "log": 0.8310139233387273,
    "prob_decision": [
      0.9949637682907286,
      0.059977293953879976,
      0.5328663768414901,
      0.9906273407375181,
      0.22193311507265084,
      0.5324620168817493,
      0.010319214717885397,
      0.016003565473733647,
      0.882720734196851,
      0.9943475876251507,
      0.3914183976044054,
      0.9495076001560764,
      0.9999999767672648,
      0.06803220319019106,
      0.360279508708195,
      0.34802096001953925,
      0.24934819854041407,
      4.5059974244948966e-05
    ],
    "threshold": 0.5324620168817493
  },
  "DCSF": {
    "acc": 0.5,
    "accAdj": 0.0,
    "auc": 0.6883116883116883,
    "brier": 0.34610143318268594,
    "f1": 0.7586206896551725,
    "log": 1.5499624235227272,
    "prob_decision": [
      0.7263160792154029,
      1.0,
      0.9916990315648876,
      0.9914554629095433,
      0.012885033737344963,
      0.03388056133483304,
      0.999999965239193,
      0.9999999999998335,
      0.0004718717714079426,
      0.2593272382842533,
      0.3358395963450212,
      0.9996031882455125,
      1.0,
      0.9648654823008251,
      0.998524332846762,
      0.9400622594324011,
      0.08701886326439735,
      0.8610932657639139
    ],
    "threshold": 0.0004718717714079426
  },
  "ICAP": {
    "acc": 0.8376623376623377,
    "accAdj": 0.6753246753246753,
    "auc": 0.8181818181818182,
    "brier": 0.18383606212434947,
    "f1": 0.8571428571428572,
    "log": 0.6323227696119686,
    "prob_decision": [
      0.6001783995256282,
      0.9303603646459898,
      0.5328663768414901,
      0.9906273407375181,
      0.13518569124856739,
      0.11512352421591963,
      0.3938449797246569,
      0.016003565473733647,
      0.882720734196851,
      0.9224001991728457,
      0.3914183976044054,
      0.9495076001560764,
      0.9999999767672648,
      0.068032203190191,
      0.360279508708195,
      0.34802096001953925,
      0.30790981592259076,
      0.5130256038369113
    ],
    "threshold": 0.3938449797246569
  },
  "MRI": {
    "acc": 0.8376623376623377,
    "accAdj": 0.6753246753246753,
    "auc": 0.8571428571428571,
    "brier": 0.14641663174365915,
    "f1": 0.8571428571428572,
    "log": 0.4219851071392957,
    "prob_decision": [
      0.9915485184776618,
      0.3796123085402172,
      0.913346469606241,
      0.9906273407375181,
      0.22193311507265084,
      0.410974630310645,
      0.9999954604393155,
      0.9597815279982096,
      0.882720734196851,
      0.19237754009134184,
      0.3914183976044054,
      0.15101591273389595,
      0.9999999767672648,
      1.2933441160649705e-05,
      0.360279508708195,
      0.34802096001953925,
      0.22906280660228093,
      0.04179912620218222
    ],
    "threshold": 0.3796123085402172
  },
  "MRMR": {
    "acc": 0.8376623376623377,
    "accAdj": 0.6753246753246753,
    "auc": 0.7402597402597403,
    "brier": 0.19309997086928318,
    "f1": 0.8571428571428572,
    "log": 1.45354573435394,
    "prob_decision": [
      0.8404105480804687,
      0.8404105480804687,
      0.6626417821245476,
      0.8404105480804687,
      0.27768990767608737,
      0.8404105480804687,
      0.8404105480804687,
      0.09029183778479037,
      0.4461059518425903,
      0.9997323839414327,
      0.13525553250911485,
      1.725435492448208e-08,
      1.0,
      0.08587586379042352,
      0.13525562267238464,
      0.25183398711956706,
      0.9157898775417137,
      0.2776893954441945
    ],
    "threshold": 0.4461059518425903
  }
}