{
  "acc": 0.5,
  "accAdj": 0.0,
  "auc": 0.5,
  "brier": 0.3888888888888889,
  "f1": 0.7586206896551725,
  "log": 14.016976317990002,
  "prob_decision": [
    1.0,
    1.0,
    1.0,
    1.0,
    1.0,
    1.0,
    1.0,
    1.0,
    1.0,
    1.0,
    1.0,
    1.0,
    1.0,
    1.0,
    1.0,
    1.0,
    1.0,
    1.0
  ],
  "threshold": 1.0
}