{
  "CFR": {
    "acc": 0.7402597402597402,
    "accAdj": 0.48051948051948035,
    "auc": 0.7142857142857143,
    "brier": 0.25003848730474815,
    "f1": 0.8333333333333333,
    "log": 1.2454288158681466,
    "prob_decision": [
      0.9942080553485656,
      0.23991927605986296,
      0.15080645583935093,
      0.9992283066303138,
      0.7913514889434538,
      0.6858050141167783,
      0.9977380007139552,
      0.997385217266003,
      0.9667764709709464,
      0.3935270183142324,
      0.23878153632435903,
      0.8313507664482847,
      0.007295831338942911,
      0.05834309563676452,
      0.07980946986409132,
      0.08991758512297507,
      0.13858610142183725,
      0.9999699216554723
    ],
    "threshold": 0.15080645583935093
  },
  "CIFE": {
    "acc": 0.5,
    "accAdj": 0.0,
    "auc": 0.5584415584415584,
    "brier": 0.42096654494721913,
    "f1": 0.7586206896551725,
    "log": 1.9065520036800292,
    "prob_decision": [
      0.9961982948854183,
      0.0002511127388599142,
      0.9989369651392458,
      0.9992283066303138,
      0.7913514889434538,
      0.01688795168266594,
      0.778681839619626,
      0.0069950908788379155,
      0.05999078500577404,
      0.9309546438504671,
      0.4709937207665433,
      0.014626754859112821,
      0.9997909487543593,
      0.05721595131267541,
      0.9415988571848569,
      0.9885115326661382,
      0.0430689940390107,
      0.004962749305873549
    ],
    "threshold": 0.0002511127388599142
  },
  "DCSF": {
    "acc": 0.5,
    "accAdj": 0.0,
    "auc": 0.6103896103896104,
    "brier": 0.39717946931775105,
    "f1": 0.7586206896551725,
    "log": 1.88179833192718,
    "prob_decision": [
      0.9913064800977778,
      0.9999857850913002,
      0.9989369651392458,
      0.9158686411579392,
      0.9980240815157226,
      0.01688795168266594,
      0.9978337452693604,
      0.9998740100929985,
      0.0030492991204135638,
      0.2645805659180493,
      0.43516212160251366,
      0.9978319206773715,
      0.9999859196271702,
      0.9084449404818713,
      0.9997842858168843,
      0.947279386993121,
      0.25884453865357104,
      0.8162149240001464
    ],
    "threshold": 0.0030492991204135638
  },
  "ICAP": {
    "acc": 0.5,
    "accAdj": 0.0,
    "auc": 0.5974025974025974,
    "brier": 0.35700833263255544,
    "f1": 0.7586206896551725,
    "log": 1.3140123144813138,
    "prob_decision": [
      0.9985309550835124,
      0.944759294117644,
      0.9989369651392458,
      0.9992283066303138,
      0.157079188646683,
      0.05937842718709719,
      0.7650506688940755,
      0.0069950908788379155,
      0.05999078500577404,
      0.9646764531294796,
      0.4709937207665433,
      0.05245038275420156,
      0.9997909487543593,
      0.05721595131267541,
      0.9415988571848569,
      0.9885115326661382,
      0.09598811387113956,
      0.7691491997272052
    ],
    "threshold": 0.0069950908788379155
  },
  "MRI": {
    "acc": 0.8636363636363636,
    "accAdj": 0.7272727272727273,
    "auc": 0.8571428571428571,
    "brier": 0.17303588695257596,
    "f1": 0.8421052631578948,
    "log": 0.5045399736455274,
    "prob_decision": [
      0.9942080553485656,
      0.45860318432697994,
      0.9997241979296749,
      0.9992283066303138,
      0.716832913942307,
      0.9977583533773519,
      0.9978337452693604,
      0.9851808837720651,
      0.4301623685087775,
      0.9978319206773715,
      0.4709937207665433,
      0.14879342253657143,
      0.9997909487543593,
      0.05834309563676452,
      0.9415988571848569,
      0.21462266487547943,
      0.28466431295647454,
      0.13858610142183725
    ],
    "threshold": 0.9851808837720651
  },
  "MRMR": {
    "acc": 0.8376623376623377,
    "accAdj": 0.6753246753246753,
    "auc": 0.8311688311688312,
    "brier": 0.17577638715618743,
    "f1": 0.8571428571428572,
    "log": 0.6826881326453604,
    "prob_decision": [
      0.902077716639249,
      0.902077716639249,
      0.751548691356025,
      0.902077716639249,
      0.3519062266328909,
      0.902077716639249,
      0.902077716639249,
      0.19170870479344412,
      0.5028289716351725,
      0.9626183108074421,
      0.16368034376774232,
      0.004578373183193048,
      0.9999859196271702,
      0.11666093357440543,
      0.16368034376774238,
      0.31721431395583394,
      0.863732831274222,
      0.3519062266328909
    ],
    "threshold": 0.5028289716351725
  }
}