{
  "f_ratio_measure CFR": {
    "acc": 0.5974025974025974,
    "accAdj": 0.19480519480519476,
    "auc": 0.5974025974025974,
    "f1": 0.7692307692307692,
    "prob_decision": [
      -0.9999962343297923,
      -0.9999954090509655,
      -0.9999969011627812,
      -0.9999960723560694,
      -0.999993365563485,
      -0.9999945131865721,
      -0.9999954129144772,
      -0.9999927684070814,
      -0.9999959716099924,
      -0.9999934848533021,
      -0.9999963247188003,
      -0.9999954353382781,
      -0.9999965269735164,
      -0.9999956656737902,
      -0.9999966226390127,
      -0.9999960427890466,
      -0.9999948175132581,
      -0.9999966789620023
    ],
    "threshold": -0.9999965269735164
  },
  "f_ratio_measure CIFE": {
    "acc": 0.8116883116883117,
    "accAdj": 0.6233766233766234,
    "auc": 0.8051948051948052,
    "f1": 0.8695652173913043,
    "prob_decision": [
      -0.9999950913263158,
      -0.9999944508135088,
      -0.9999948871775722,
      -0.9999944961446933,
      -0.9999959578766452,
      -0.9999957410261181,
      -0.9999931239619667,
      -0.9999942419779638,
      -0.9999971740671593,
      -0.9999953547222404,
      -0.999996221512651,
      -0.9999956857645617,
      -0.9999949977919028,
      -0.9999959103128456,
      -0.9999975085685094,
      -0.9999967181941941,
      -0.9999945820747655,
      -0.9999952740569383
    ],
    "threshold": -0.9999957410261181
  },
  "f_ratio_measure DCSF": {
    "acc": 0.6428571428571428,
    "accAdj": 0.2857142857142856,
    "auc": 0.7272727272727273,
    "f1": 0.8148148148148148,
    "prob_decision": [
      -0.9999923845758991,
      -0.9999926398352804,
      -0.999994012539745,
      -0.9999914244108341,
      -0.9999966315756553,
      -0.9999953121420925,
      -0.9999926655755808,
      -0.9999910736619567,
      -0.9999958927719917,
      -0.9999945430827328,
      -0.9999947428770197,
      -0.9999935577632555,
      -0.9999920266397044,
      -0.9999971048908414,
      -0.9999942471892245,
      -0.9999957330545278,
      -0.9999934951619801,
      -0.9999911234148265
    ],
    "threshold": -0.9999958927719917
  },
  "f_ratio_measure ICAP": {
    "acc": 0.7402597402597402,
    "accAdj": 0.48051948051948035,
    "auc": 0.7532467532467533,
    "f1": 0.8333333333333333,
    "prob_decision": [
      -0.9999950913263158,
      -0.9999944835698955,
      -0.9999949559327367,
      -0.9999945677113783,
      -0.9999959578766452,
      -0.9999957410261181,
      -0.9999931239619667,
      -0.9999931681985332,
      -0.9999971740671593,
      -0.9999953547222404,
      -0.999996221512651,
      -0.9999944702883314,
      -0.9999949977919028,
      -0.9999952335308674,
      -0.9999968634376456,
      -0.9999967181941941,
      -0.9999945820747655,
      -0.9999948306075568
    ],
    "threshold": -0.9999957410261181
  },
  "f_ratio_measure MRI": {
    "acc": 0.5714285714285714,
    "accAdj": 0.1428571428571428,
    "auc": 0.5454545454545454,
    "f1": 0.7857142857142858,
    "prob_decision": [
      -0.9999967259133818,
      -0.9999952692940176,
      -0.9999955143890118,
      -0.9999964854167354,
      -0.999993365563485,
      -0.999994820598139,
      -0.9999955426889108,
      -0.999993880659793,
      -0.9999971554553073,
      -0.9999950629018575,
      -0.9999972623059105,
      -0.9999964591235627,
      -0.9999955421961958,
      -0.9999951865761911,
      -0.9999966592413053,
      -0.9999965169682303,
      -0.9999950667133335,
      -0.9999962302323255
    ],
    "threshold": -0.9999971554553073
  },
  "f_ratio_measure MRMR": {
    "acc": 0.8116883116883117,
    "accAdj": 0.6233766233766234,
    "auc": 0.8051948051948052,
    "f1": 0.8695652173913043,
    "prob_decision": [
      -0.9999901139662698,
      -0.9999926633823776,
      -0.999994091922384,
      -0.9999922263004568,
      -0.9999979898142466,
      -0.9999933638731568,
      -0.9999897353629928,
      -0.9999914035511024,
      -0.9999954233141822,
      -0.999993511843297,
      -0.9999951176187054,
      -0.9999907462839366,
      -0.9999874717371292,
      -0.999994448351942,
      -0.9999945712503957,
      -0.9999961594450288,
      -0.999993996041984,
      -0.9999889285579107
    ],
    "threshold": -0.999994091922384
  },
  "kendall_corr CFR": {
    "acc": 0.6428571428571428,
    "accAdj": 0.2857142857142856,
    "auc": 0.6883116883116883,
    "f1": 0.8148148148148148,
    "prob_decision": [
      -0.999989457869024,
      -0.9999939566790181,
      -0.9999920790356486,
      -0.9999898828847773,
      -0.9999930566560185,
      -0.9999912157524763,
      -0.9999890403233888,
      -0.9999899266327231,
      -0.9999902049292361,
      -0.9999922088080349,
      -0.9999949111166716,
      -0.9999946150982567,
      -0.9999925771937028,
      -0.9999909885229669,
      -0.9999914612181512,
      -0.999990258878168,
      -0.9999955248641346,
      -0.9999919812264434
    ],
    "threshold": -0.9999946150982567
  },
  "kendall_corr CIFE": {
    "acc": 0.5714285714285714,
    "accAdj": 0.1428571428571428,
    "auc": 0.6753246753246753,
    "f1": 0.7857142857142858,
    "prob_decision": [
      -0.9999900954258282,
      -0.9999938300903592,
      -0.9999900788122493,
      -0.9999897222357812,
      -0.9999920721583331,
      -0.9999916853290586,
      -0.9999892023766819,
      -0.9999908486552481,
      -0.9999907036316528,
      -0.9999924683229702,
      -0.99999226533745,
      -0.9999931401418044,
      -0.9999903690547002,
      -0.999990793971197,
      -0.9999910615430516,
      -0.9999905251322379,
      -0.9999943418182504,
      -0.9999915210086042
    ],
    "threshold": -0.9999938300903592
  },
  "kendall_corr DCSF": {
    "acc": 0.5714285714285714,
    "accAdj": 0.1428571428571428,
    "auc": 0.5844155844155844,
    "f1": 0.7857142857142858,
    "prob_decision": [
      -0.9999877127955985,
      -0.9999929642245005,
      -0.9999888603969681,
      -0.9999887088098702,
      -0.9999926135847187,
      -0.9999906834085532,
      -0.99998918489968,
      -0.9999919948616564,
      -0.9999888328375256,
      -0.9999933728995788,
      -0.9999938819049385,
      -0.9999923277867819,
      -0.9999919109802314,
      -0.9999919730406764,
      -0.9999892686831215,
      -0.9999916103199034,
      -0.9999914053733236,
      -0.9999883890392987
    ],
    "threshold": -0.9999933728995788
  },
  "kendall_corr ICAP": {
    "acc": 0.5714285714285714,
    "accAdj": 0.1428571428571428,
    "auc": 0.6753246753246753,
    "f1": 0.7857142857142858,
    "prob_decision": [
      -0.9999900954258282,
      -0.9999938300903592,
      -0.9999900788122493,
      -0.9999897222357812,
      -0.9999920721583331,
      -0.9999916853290586,
      -0.9999892023766819,
      -0.9999908486552481,
      -0.9999907036316528,
      -0.9999924683229702,
      -0.99999226533745,
      -0.9999931401418044,
      -0.9999903690547002,
      -0.999990793971197,
      -0.9999910615430516,
      -0.9999905251322379,
      -0.9999943418182504,
      -0.9999915210086042
    ],
    "threshold": -0.9999938300903592
  },
  "kendall_corr MRI": {
    "acc": 0.5714285714285714,
    "accAdj": 0.1428571428571428,
    "auc": 0.6493506493506493,
    "f1": 0.7857142857142858,
    "prob_decision": [
      -0.9999904590083236,
      -0.9999944607614529,
      -0.9999900788122493,
      -0.999989409698345,
      -0.9999903583302244,
      -0.9999919987299547,
      -0.9999884661666263,
      -0.9999903941589043,
      -0.9999903509936794,
      -0.9999926622312103,
      -0.9999918511073427,
      -0.9999914582863563,
      -0.9999899597330935,
      -0.9999904034606556,
      -0.9999909257782265,
      -0.9999900515611749,
      -0.9999961641075706,
      -0.9999935472438656
    ],
    "threshold": -0.9999944607614529
  },
  "kendall_corr MRMR": {
    "acc": 0.5,
    "accAdj": 0.0,
    "auc": 0.37662337662337664,
    "f1": 0.7586206896551725,