{
  "logreg": {
    "acc": 0.6428571428571428,
    "accAdj": 0.2857142857142856,
    "auc": 0.6623376623376623,
    "brier": 0.2719731678840087,
    "f1": 0.8148148148148148,
    "log": 1.0840289411709443,
    "prob_decision": [
      0.9896898395306742,
      0.25168783834172354,
      0.9997935649986903,
      0.9999999820946189,
      0.3920060500182593,
      0.28708040834041393,
      0.9999654040160383,
      0.46202729019449035,
      0.500978164704993,
      0.4316383576486334,
      0.9998968471238432,
      0.8927588744696212,
      0.4726912567947807,
      0.0005023880156570971,
      0.45340982344709013,
      0.7515626174315189,
      0.01505262957342656,
      0.8672033039407454
    ],
    "threshold": 0.25168783834172354
  }
}