{
  "CFR": {
    "acc": 0.5,
    "accAdj": 0.0,
    "auc": 0.0,
    "f1": 0.7586206896551725,
    "prob_decision": [
      7.186929095543479e-07,
      1.8253141954493794e-06,
      5.861958516941384e-06,
      4.195208053577301e-06,
      0.999991337102602,
      2.9738370378546645e-06,
      2.5497686702261313e-06,
      3.2243551215214006e-06,
      -1.2959044551422006e-06,
      2.802043203437193e-06,
      0.999990091332708,
      -1.1675503066415855e-06,
      -1.611805735190179e-06,
      0.9999895323987036,
      0.999990003220651,
      0.9999946454622795,
      0.9999871688970359,
      0.9999918219911801
    ],
    "threshold": -1.611805735190179e-06
  },
  "CIFE": {
    "acc": 0.5,
    "accAdj": 0.0,
    "auc": 0.0,
    "f1": 0.7586206896551725,
    "prob_decision": [
      -1.0346683605130968e-07,
      3.4621578378384134e-06,
      3.4748052046780245e-06,
      4.298640732703222e-06,
      0.9999916220740327,
      1.7403802121410838e-06,
      -3.758726268704241e-06,
      2.2392366687733624e-06,
      -4.394543537470857e-07,
      4.8627369654692946e-06,
      0.9999945869559607,
      -2.479816506637682e-07,
      1.333862525708847e-06,
      0.999988266459206,
      0.999990003220651,
      0.9999946482266462,
      0.9999874779389452,
      0.9999927879995233
    ],
    "threshold": -3.758726268704241e-06
  },
  "MRI": {
    "acc": 0.5,
    "accAdj": 0.0,
    "auc": 0.0,
    "f1": 0.7586206896551725,
    "prob_decision": [
      -6.172592403651294e-08,
      3.1804568502538e-06,
      3.4710783544175052e-06,
      3.4483407708219357e-06,
      0.999990457707595,
      2.765950069168962e-06,
      2.0515019865961862e-06,
      3.2518741692482145e-06,
      3.155357545470542e-07,
      2.445742263059681e-06,
      0.999994873455616,
      -1.8586991498862945e-06,
      1.7667390096114086e-06,
      0.9999885943447627,
      0.9999899949664166,
      0.9999946784216207,
      0.9999921055344676,
      0.999992652159224
    ],
    "threshold": -1.8586991498862945e-06
  }
}