{
  "CFR": {
    "acc": 0.5,
    "accAdj": 0.0,
    "auc": 0.2597402597402597,
    "brier": 0.6138117283950617,
    "f1": 0.7586206896551725,
    "log": 20.19426692699239,
    "prob_decision": [
      0.75,
      0.0,
      0.0,
      1.0,
      0.75,
      0.0,
      0.5,
      0.0,
      0.75,
      1.0,
      0.0,
      0.0,
      0.0,
      1.0,
      0.3333333333333333,
      1.0,
      1.0,
      1.0
    ],
    "threshold": 0.0
  },
  "CIFE": {
    "acc": 0.5,
    "accAdj": 0.0,
    "auc": 0.5324675324675324,
    "brier": 0.4131944444444444,
    "f1": 0.7586206896551725,
    "log": 12.239056687911456,
    "prob_decision": [
      1.0,
      0.0,
      0.75,
      0.0,
      0.75,
      0.0,
      0.5,
      0.5,
      0.75,
      0.5,
      1.0,
      0.0,
      1.0,
      0.0,
      0.0,
      1.0,
      0.0,
      0.0
    ],
    "threshold": 0.0
  },
  "DCSF": {
    "acc": 0.6688311688311688,
    "accAdj": 0.33766233766233755,
    "auc": 0.6883116883116884,
    "brier": 0.27044753086419754,
    "f1": 0.8,
    "log": 8.147751122569812,
    "prob_decision": [
      1.0,
      1.0,
      1.0,
      1.0,
      1.0,
      0.0,
      0.5,
      1.0,
      1.0,
      1.0,
      0.6666666666666666,
      1.0,
      1.0,
      0.3333333333333333,
      0.0,
      1.0,
      0.25,
      1.0
    ],
    "threshold": 0.5
  },
  "ICAP": {
    "acc": 0.5,
    "accAdj": 0.0,
    "auc": 0.5584415584415584,
    "brier": 0.3993055555555556,
    "f1": 0.7586206896551725,
    "log": 12.20054851121368,
    "prob_decision": [
      1.0,
      0.0,
      0.75,
      0.0,
      0.75,
      0.0,
      0.5,
      0.5,
      0.75,
      1.0,
      1.0,
      0.0,
      1.0,
      0.0,
      0.0,
      1.0,
      0.0,
      0.0
    ],
    "threshold": 0.0
  },
  "MRI": {
    "acc": 0.5,
    "accAdj": 0.0,
    "auc": 0.15584415584415587,
    "brier": 0.6354166666666666,
    "f1": 0.7586206896551725,
    "log": 20.248757441048596,
    "prob_decision": [
      0.75,
      0.0,
      0.0,
      0.25,
      1.0,
      0.0,
      0.5,
      0.5,
      0.75,
      0.5,
      1.0,
      0.0,
      1.0,
      1.0,
      0.0,
      1.0,
      1.0,
      1.0
    ],
    "threshold": 0.0
  },
  "MRMR": {
    "acc": 0.5974025974025974,
    "accAdj": 0.19480519480519476,
    "auc": 0.5909090909090909,
    "brier": 0.33989197530864196,
    "f1": 0.7692307692307692,
    "log": 10.188684487551873,
    "prob_decision": [
      1.0,
      1.0,
      1.0,
      1.0,
      1.0,
      0.0,
      1.0,
      0.75,
      1.0,
      1.0,
      0.6666666666666666,
      0.6666666666666666,
      1.0,
      1.0,
      0.5,
      1.0,
      0.5,
      1.0
    ],
    "threshold": 0.6666666666666666
  }
}