{
  "acc": 0.5,
  "accAdj": 0.0,
  "auc": 0.37662337662337664,
  "brier": 0.5009235364252457,
  "f1": 0.7586206896551725,
  "log": 2.6677532872216374,
  "prob_decision": [
    0.9921098567931147,
    0.04313241463997429,
    0.25392127541003595,
    0.995991160412639,
    0.9021760162300868,
    0.0709660579336722,
    0.9999158039266182,
    0.9057998376573514,
    0.036289800296366796,
    6.547391266798588e-06,
    0.9950028016613457,
    0.9955142809478206,
    0.0006492817068360884,
    0.26490687210955866,
    0.5546993827776403,
    0.9996255692948116,
    0.281464697099656,
    0.6961317862252058
  ],
  "threshold": 6.547391266798588e-06
}