{
  "rbf-svm": {
    "acc": 0.5,
    "accAdj": 0.0,
    "auc": 0.15584415584415587,
    "f1": 0.7586206896551725,
    "prob_decision": [
      -0.9998387594921279,
      -0.9999990865504733,
      -0.999957603586469,
      -0.9997921458966131,
      0.9999929231270069,
      -0.9998857042286466,
      4.934991733230296e-06,
      -0.9996921113192552,
      -0.9998064497036021,
      -0.9997987886755842,
      0.9999990541549274,
      -0.9999631617935761,
      -2.0143825919855976e-06,
      -0.9996149501886024,
      -0.9999761134783567,
      0.9999969554400905,
      0.9999947756162993,
      0.9999937785689611
    ],
    "threshold": -0.9999990865504733
  }
}